Time,Distance,SPM,Pace,Force Plot
3.33,4988.1,0,149.380158219,21,21,46,102,102,98,111,111,115,127,127,131,136,136,138,143,147,147,155,162,163,163,165,169,172,171,171,171,167,165,163,164,161,159,152,151,144,144,140,132,126,114,104,90,78,60,48,33,20
6.45,4975.6,20,133.531451505,56,56,85,101,100,100,103,110,122,122,133,142,148,153,153,160,161,166,165,169,167,167,169,168,164,162,156,153,148,141,135,128,122,114,109,104,96,87,70,60,43,33,16
9.29,4963.8,20,123.457752548,24,24,48,81,95,95,94,101,107,107,117,131,130,135,132,132,135,137,142,147,148,150,150,143,140,139,135,133,131,129,126,117,113,106,101,93,88,79,70,58,48,35,25,12
12.23,4951.9,21,121.32137516,26,60,103,114,114,120,120,120,120,126,130,133,140,140,138,145,146,154,155,161,160,160,161,161,164,161,155,148,146,138,135,128,124,117,108,100,87,74,61,44,30,6
15.02,4940.3,21,123.018397399,36,70,111,115,115,123,119,130,132,132,136,134,138,139,146,144,144,147,150,157,165,168,163,163,156,155,150,151,145,139,128,124,122,117,108,99,89,79,68,49,35,20
17.71,4928.8,22,119.7142803,54,54,76,96,94,94,106,109,118,125,133,133,138,138,141,139,143,145,145,145,150,149,151,150,149,144,142,133,132,129,125,121,106,104,91,92,79,69,59,44,37,19,12
20.55,4916.9,22,117.454978868,82,102,92,92,113,116,127,131,131,143,145,146,152,151,156,157,157,163,163,164,161,158,154,149,147,141,138,128,124,116,114,102,93,90,80,70,56,45,34,23
23.28,4905.4,22,118.941908602,37,37,73,102,109,109,114,123,127,135,135,140,144,145,148,149,150,155,155,156,161,154,153,150,151,147,142,139,136,132,125,124,120,115,106,104,94,88,78,67,53,42,27,12
26.13,4893.3,21,118.56311015,43,71,102,103,113,113,118,125,137,142,147,147,147,154,151,157,155,158,156,161,161,158,160,156,152,150,148,142,135,128,124,122,114,108,99,96,82,75,50,31,27
28.91,4881.5,22,118.003841881,46,79,79,99,98,116,118,118,129,133,145,149,153,153,154,156,152,151,143,145,139,143,147,145,145,143,138,141,142,139,132,128,123,119,110,108,102,82,68,57,42,31,16
31.76,4869.4,21,117.819748225,63,93,105,105,118,118,129,137,146,150,152,152,151,152,151,154,159,159,162,156,155,151,152,147,147,148,142,135,128,124,117,108,102,93,86,76,65,54,39,27,16
34.44,4857.9,22,117.274278615,34,34,76,116,127,127,131,135,140,149,157,157,159,159,163,164,163,161,162,162,167,164,160,153,153,151,148,145,142,138,122,120,111,109,99,96,85,74,63,52,40,28,13
37.27,4845.7,22,116.738772165,114,116,116,125,125,130,136,135,139,137,144,146,146,146,151,151,156,155,154,150,148,143,141,134,134,127,126,118,113,100,98,88,85,75,64,49,35,27
40.0,4834.0,22,116.03972084,116,121,131,132,132,144,156,158,160,163,160,160,161,160,163,163,166,163,159,155,150,148,145,142,138,131,123,114,109,103,93,86,76,65,50,39,27,24
42.74,4822.3,22,117.094685258,100,99,107,110,110,120,134,138,143,146,146,150,150,153,156,162,162,163,160,162,158,157,152,149,149,143,136,132,124,115,110,100,90,79,69,54,39,27,16
45.48,4810.6,22,116.916186985,111,120,120,124,128,132,141,144,144,152,151,154,155,161,159,159,159,162,161,161,158,156,151,152,150,143,140,136,128,114,112,102,95,85,74,59,47,32,24
48.32,4798.5,22,116.738772165,61,61,76,86,95,95,115,128,139,148,153,153,153,154,154,159,158,159,155,155,157,162,165,164,160,153,151,142,138,131,127,119,114,108,99,89,78,72,61,46,24,16
51.1,4786.6,21,117.274278615,21,47,47,80,95,101,101,112,119,130,138,144,144,147,149,152,151,154,152,153,153,158,158,160,160,153,149,143,141,134,134,127,126,114,109,96,90,80,70,59,41,30,20
53.94,4774.7,21,118.189091544,60,60,92,102,110,110,110,124,139,144,150,150,149,153,152,156,157,160,158,158,158,153,155,154,152,151,142,143,136,132,128,121,119,103,101,88,81,67,53,38,27,16
56.63,4763.3,21,118.56311015,29,29,69,95,110,105,105,117,119,130,138,138,145,145,148,149,147,152,152,155,155,157,157,156,149,150,145,146,140,134,133,126,124,113,111,98,92,78,67,53,42,31,20
59.46,4751.3,22,117.819748225,104,99,109,109,103,106,107,118,118,125,125,129,130,132,138,140,140,144,144,148,147,149,147,146,144,141,135,132,128,124,116,107,102,96,86,73,59,48,37,26,16
62.15,4740.0,22,117.819748225,27,27,62,84,100,100,100,114,117,130,140,140,147,153,155,159,156,157,157,158,161,161,161,161,155,153,148,146,137,130,120,115,110,101,96,86,76,62,55,41,30,20
64.93,4728.2,22,118.941908602,21,21,53,84,100,100,101,118,121,132,132,138,143,145,144,145,145,146,146,147,146,154,151,153,152,151,143,138,135,132,125,118,117,112,103,94,88,79,72,62,52,34,27
67.72,4716.5,22,118.941908602,37,68,90,97,101,101,117,126,136,143,143,147,146,143,142,140,142,142,142,144,143,145,146,147,149,144,142,136,133,123,122,117,116,104,98,85,79,65,55,44,34,26
70.51,4704.8,22,118.75190523,51,72,72,91,92,106,106,127,140,155,158,161,161,158,162,159,161,162,165,163,161,163,163,165,155,153,153,144,144,134,122,113,108,98,89,78,68,60,46,38,23,20
73.3,4692.9,22,118.75190523,55,55,91,98,107,115,115,124,136,141,146,147,147,153,152,151,151,151,154,156,156,155,157,157,153,151,149,143,140,133,129,125,116,111,99,89,79,72,65,50,46,27,23
76.09,4681.0,21,117.454978868,52,52,68,88,82,92,92,101,110,124,130,134,134,139,142,143,145,148,148,148,150,153,150,152,145,140,138,135,132,126,125,118,113,105,103,98,88,78,68,62,48,33,23
78.93,4669.2,21,117.819748225,56,56,89,105,97,113,113,115,123,129,138,141,141,140,139,141,139,141,141,145,145,145,144,145,141,139,137,135,132,125,118,114,112,107,102,93,87,81,75,65,58,48,37,23,12
81.77,4657.2,21,119.133133865,75,97,97,111,111,121,129,139,144,147,147,149,148,149,148,151,151,156,153,153,155,152,154,146,147,139,139,132,125,118,113,108,102,93,83,76,63,52,38,30,19
84.55,4645.5,22,118.941908602,66,90,103,103,107,118,125,133,133,138,143,145,150,151,150,151,151,154,156,162,162,159,156,154,153,151,142,136,132,125,117,105,99,97,87,77,63,56,45,34,31
87.34,4633.7,21,118.75190523,56,56,88,109,107,119,119,121,129,137,144,147,147,151,150,149,149,149,149,157,156,161,158,158,154,150,141,135,129,121,114,109,103,94,85,79,68,58,48,37,30
90.14,4621.9,22,118.375509978,99,99,99,97,101,112,123,123,125,135,135,142,141,141,141,144,141,143,145,150,149,148,146,145,143,137,134,131,127,119,108,103,97,95,85,75,65,58,48,37,23,16
92.93,4610.2,21,118.941908602,42,42,82,112,117,117,122,124,134,141,148,148,146,147,146,149,150,150,153,153,150,155,154,151,149,141,142,136,133,126,115,114,102,100,91,85,75,61,55,44,37,26,16
95.7,4598.6,21,119.133133865,36,59,59,93,87,96,96,102,116,128,138,142,142,145,143,144,140,142,142,142,142,141,146,142,141,134,131,128,125,122,118,111,103,95,93,87,82,72,63,53,43,36,26,16
98.55,4586.8,21,119.7142803,109,102,102,121,127,140,146,146,148,144,146,151,148,148,148,149,151,154,154,153,149,145,137,132,126,122,118,114,106,97,92,86,80,70,60,54,40,33,19
101.28,4575.4,22,120.507113209,96,92,97,97,110,117,127,135,135,138,144,147,148,149,147,150,150,150,155,154,151,145,143,138,132,126,116,115,104,99,87,81,69,62,53,43,32,26
104.02,4564.1,22,119.91053357,42,42,72,92,85,85,95,97,116,120,120,129,132,137,142,142,143,150,154,157,158,157,159,157,157,153,153,146,144,139,136,130,123,115,107,102,90,84,67,60,43,36,22,16
106.8,4552.5,21,120.911502525,30,30,53,77,91,91,96,116,127,143,143,151,157,153,153,148,148,149,148,148,143,145,147,146,142,140,136,130,130,124,117,113,106,104,96,90,81,69,59,46,42,36,26,16
109.64,4540.8,21,120.507113209,72,92,93,93,103,115,125,135,135,140,140,141,140,141,139,139,139,137,136,130,131,130,130,128,123,120,117,113,113,112,108,104,96,87,82,73,67,54,48,38,28,19
112.44,4529.4,22,121.115745317,62,91,98,98,97,108,114,114,126,135,143,147,151,151,151,148,149,146,146,143,145,139,139,135,133,131,129,123,120,113,112,107,103,95,89,84,78,68,62,52,46,35,22,12
115.27,4517.7,21,121.946754123,86,82,94,94,106,119,135,146,146,152,154,155,152,154,150,150,151,146,143,142,141,137,132,132,127,124,114,113,108,104,99,93,88,75,69,63,53,43,33,26
118.06,4506.1,22,121.115745317,76,89,89,84,95,95,120,120,128,140,139,145,145,148,147,148,149,150,150,150,147,146,146,142,137,132,130,121,117,107,102,87,82,73,67,58,48,38,28,22
120.8,4494.9,22,120.911502525,40,56,56,87,89,102,102,113,123,136,143,143,142,140,141,140,145,145,148,149,145,147,147,151,146,142,134,132,123,123,120,113,106,98,87,75,63,54,47,38,28,22
123.63,4483.4,21,122.370920161,34,34,70,95,99,99,105,115,130,130,141,156,161,167,166,166,165,161,161,160,159,157,157,151,150,148,141,141,135,129,123,115,104,99,91,88,79,70,60,50,46,36,29,19
126.47,4471.6,21,122.370920161,40,60,69,76,93,93,112,127,139,146,146,152,159,164,162,158,158,155,151,149,144,145,139,132,124,118,115,111,104,99,91,86,84,75,69,69,60,54,44,41,28,25
129.27,4460.2,21,120.911502525,65,93,93,106,106,122,133,146,154,154,156,154,153,150,151,152,152,153,151,153,148,150,146,145,137,128,122,115,111,100,98,89,84,75,68,59,52,46,32,25
132.0,4448.9,22,121.946754123,47,69,87,87,102,102,121,140,158,171,171,174,176,175,174,174,167,168,161,161,161,158,157,156,155,143,137,124,120,115,113,105,96,89,83,77,66,59,48,41,23
134.78,4437.1,22,120.108080111,58,82,98,98,98,115,127,139,139,148,152,150,152,149,145,145,148,145,145,144,146,147,146,138,136,130,127,120,119,115,110,101,93,87,81,71,64,54,47,37,26,16
137.46,4425.8,21,118.56311015,52,52,70,91,88,88,97,108,118,132,141,141,140,143,145,145,146,149,149,149,149,151,148,149,148,144,139,133,130,126,119,112,107,98,93,87,77,67,57,51,40,30,16
140.2,4414.4,22,119.133133865,28,68,68,93,97,103,103,112,123,134,144,156,156,158,161,159,160,159,158,161,159,159,159,153,151,144,145,136,133,126,118,114,109,100,98,85,82,68,62,55,48,41,26,19
142.89,4403.0,22,119.325594836,23,56,56,82,90,94,105,105,120,127,139,146,145,145,149,145,146,144,146,145,150,154,154,154,153,151,147,144,135,125,121,114,109,100,94,88,82,72,62,51,48,37,30,16
145.63,4391.4,22,118.189091544,40,40,64,94,101,106,106,121,128,144,153,153,158,158,158,157,156,159,152,152,152,149,148,144,145,140,140,134,127,124,116,111,106,104,99,89,83,73,66,55,48,41,30,20
148.36,4379.9,22,118.189091544,54,54,82,101,96,108,108,115,120,130,138,138,141,144,143,139,139,138,140,141,141,140,142,140,141,142,140,131,127,124,120,112,111,102,100,91,81,72,65,58,48,34,23
151.19,4368.0,22,118.003841881,22,56,56,78,91,95,95,112,127,144,157,157,158,157,158,153,153,154,154,152,155,157,157,157,153,152,148,143,137,127,123,112,111,106,97,91,85,75,65,55,48,41,30,19
154.15,4355.6,21,119.519305557,100,99,99,105,114,125,138,138,143,143,145,146,149,150,150,148,148,156,156,158,153,149,144,136,134,127,124,110,108,103,95,86,80,73,64,53,40,33,26
156.98,4343.9,21,119.7142803,45,78,78,113,119,131,131,134,145,156,158,161,161,159,160,157,154,152,155,160,158,158,157,154,150,148,140,140,131,127,119,115,110,101,95,89,83,73,62,52,45,34,27
159.97,4331.5,21,120.306934911,51,51,69,97,97,97,113,126,139,139,154,157,162,162,167,162,162,164,161,162,161,161,167,164,161,157,156,154,146,140,129,125,114,112,103,97,87,81,74,67,57,46,35,27
163.09,4318.4,20,120.306934911,71,109,128,131,131,145,151,165,173,173,182,180,185,179,175,172,174,178,179,177,177,171,167,157,155,149,145,138,118,117,111,105,95,88,81,70,59,47,43,35,24
166.07,4305.7,20,118.75190523,29,64,105,116,116,125,139,154,170,174,174,179,175,176,167,162,156,151,140,140,138,131,137,131,129,125,125,118,117,109,107,99,100,87,85,75,65,58,51,44,34,26
168.97,4293.7,20,118.189091544,39,39,75,113,117,115,115,129,137,148,150,150,151,153,154,156,151,152,150,150,154,157,154,153,150,145,140,137,131,128,124,120,115,106,101,95,89,83,73,66,59,49,38,30,20
171.91,4281.3,20,119.519305557,91,124,132,139,139,147,155,164,167,167,167,163,163,158,156,152,152,151,150,146,147,142,140,140,134,131,127,123,115,110,104,93,87,80,70,59,52,38,30,20
174.71,4269.5,21,118.75190523,55,76,76,108,108,124,124,139,150,158,165,160,160,161,158,158,154,157,154,160,159,162,161,160,153,150,145,141,134,130,122,117,112,102,100,90,83,69,61,54,46,35,27
177.65,4257.0,21,118.375509978,35,66,66,110,120,129,129,134,142,150,160,163,159,159,154,153,154,152,152,151,161,161,163,160,158,153,151,141,145,137,130,121,116,110,101,98,88,81,70,62,51,39,32,24
180.59,4244.4,21,117.454978868,91,128,130,133,145,145,149,155,160,160,164,166,167,167,164,165,157,157,156,154,156,151,145,143,136,132,128,123,114,109,107,97,90,83,76,69,58,51,35,27
183.45,4232.1,21,116.56242934,38,82,114,127,127,124,135,142,153,159,159,168,162,169,164,165,164,162,162,162,161,154,152,147,144,144,138,126,122,110,104,98,96,82,79,68,65,50,42,35,27
186.32,4219.9,21,117.094685258,119,120,120,131,140,151,159,168,168,165,163,160,159,156,153,153,150,149,145,145,143,141,138,135,128,121,117,112,103,94,92,89,83,73,66,56,41,38,27,20
189.12,4208.1,21,117.454978868,32,53,53,83,82,88,88,96,112,131,143,143,150,153,155,155,156,156,156,154,155,153,152,149,146,144,139,134,131,127,124,116,115,104,99,93,90,78,68,57,51,40,33,26
192.06,4195.9,21,119.133133865,23,23,56,94,114,114,120,138,148,159,159,167,169,173,172,171,166,163,163,161,159,162,159,159,158,153,148,142,139,136,128,120,112,110,101,95,88,78,71,60,53,42,31,23
194.96,4183.6,21,119.7142803,51,51,91,138,142,152,152,159,162,166,167,172,171,171,169,166,164,165,166,166,165,162,154,149,144,137,137,129,125,113,108,102,99,89,83,72,69,57,50,42,35,27
197.85,4171.3,21,117.819748225,68,101,104,116,123,123,143,158,171,177,176,176,178,181,174,171,167,164,167,164,163,159,154,152,145,139,131,127,118,113,107,101,91,80,73,70,62,47,35,32
200.69,4159.1,21,117.274278615,71,103,120,130,130,150,158,167,165,168,169,169,169,171,165,163,164,164,167,163,162,158,156,147,147,133,125,113,108,102,92,86,75,72,57,58,43,35,27
203.53,4147.0,21,116.56242934,65,65,98,129,131,131,148,161,171,179,186,188,188,186,183,178,175,172,169,164,163,165,161,162,154,154,144,144,136,131,126,117,115,105,102,95,88,76,69,65,49,36,28
206.59,4133.8,20,116.916186985,62,62,91,120,112,120,120,133,142,155,159,168,168,167,169,164,163,161,156,156,155,157,153,157,152,153,147,141,137,129,125,116,110,100,94,91,84,73,66,59,51,43,35,24
209.53,4121.2,20,116.212914711,37,37,76,102,117,124,124,142,155,168,178,184,184,182,181,182,177,176,172,172,172,172,168,167,162,157,150,147,143,139,126,121,115,113,102,95,92,85,81,65,45,37,28
212.52,4108.3,21,116.387147227,51,51,76,106,109,109,127,146,160,175,181,181,181,178,177,172,173,170,170,171,168,167,166,161,159,150,150,140,139,124,122,113,110,100,97,94,87,80,72,69,61,41,28,20
215.47,4095.5,20,115.357118454,73,104,104,141,140,160,173,173,180,188,189,189,186,186,181,177,173,170,170,172,172,171,164,158,155,148,140,135,126,120,114,112,105,98,86,83,75,71,59,50,33,25
218.26,4083.2,21,115.021776101,24,24,80,112,131,132,144,144,154,162,171,179,182,180,182,182,179,177,173,172,169,171,164,165,159,153,146,141,141,136,117,106,104,97,89,90,78,75,58,54,46,41,33,25
221.2,4070.3,21,113.244469227,31,31,63,92,100,110,110,130,148,165,181,187,187,188,185,182,177,176,172,172,169,169,165,167,162,160,154,147,136,131,118,117,111,108,102,95,88,80,77,69,61,41,32,20
224.09,4057.7,20,114.85555943,28,28,70,92,114,116,116,136,154,166,182,186,186,191,188,189,182,178,171,165,162,164,162,164,155,145,142,137,133,128,123,113,107,101,94,91,84,76,64,53,45,32,28
227.14,4044.6,21,114.85555943,31,64,64,86,97,107,107,135,156,180,195,202,202,200,194,190,188,181,175,170,170,176,176,175,171,166,161,151,143,131,126,117,111,105,102,95,92,81,77,65,53,49,37,29
230.24,4031.2,19,116.212914711,42,87,118,139,139,145,167,171,183,186,193,193,189,191,189,187,183,179,171,171,167,165,160,158,148,144,140,136,131,121,119,113,111,96,97,86,74,66,62,54,46,33,25
233.25,4018.1,20,115.357118454,107,128,131,158,172,172,185,190,197,198,190,188,183,179,175,175,172,175,174,173,165,163,156,146,137,132,127,121,111,108,101,98,91,87,79,67,63,55,46,33,20
236.25,4005.0,20,114.200163939,37,79,79,101,117,126,156,156,172,189,194,198,189,188,188,179,171,166,166,163,162,161,159,154,148,145,138,130,125,124,118,109,103,96,89,79,71,64,56,48,40,28,24
239.19,3992.3,20,114.85555943,24,24,52,77,80,88,88,103,116,128,140,140,147,147,147,146,144,138,138,132,129,127,123,123,121,121,113,109,102,101,97,95,90,85,77,77,74,65,62,53,50,41,34,25,15
242.14,3980.3,20,117.636798011,58,81,102,99,99,114,134,141,141,157,163,163,161,156,156,151,148,147,143,140,139,136,137,132,132,130,122,116,109,102,98,96,91,86,78,75,69,63,57,48,41,35,28,15
245.08,3968.4,21,123.237291806,38,38,71,106,109,109,120,136,150,167,167,172,177,171,171,166,166,159,158,152,153,150,150,149,142,137,132,129,126,113,108,100,99,90,84,78,72,66,60,56,46,39,29,22
248.02,3956.2,20,123.018397399,91,95,95,106,121,141,159,159,168,172,171,166,166,166,162,161,153,148,145,144,145,144,142,133,127,118,111,106,101,96,87,78,72,66,63,53,50,39,36,22,19
250.81,3944.7,21,120.708630496,26,65,65,95,120,124,124,142,146,153,154,157,157,156,158,158,153,151,149,144,144,141,140,138,139,131,129,120,119,115,111,106,98,103,97,88,83,76,70,60,50,43,33,22
253.7,3932.7,21,120.911502525,46,71,71,103,100,111,111,129,137,151,158,165,165,166,165,161,159,160,153,151,153,153,150,149,142,140,137,129,122,118,110,102,94,88,82,80,73,67,57,54,47,40,30,23
256.64,3920.5,21,120.507113209,55,55,74,104,103,103,122,136,145,156,156,158,159,158,162,156,150,144,144,143,143,142,138,136,134,126,123,114,110,102,98,90,87,82,76,70,67,61,55,48,42,35,25,19
259.49,3908.8,20,120.507113209,21,21,44,77,76,76,86,103,123,145,145,160,163,163,160,159,159,157,152,147,142,142,141,142,141,140,135,135,133,127,118,111,104,102,97,92,86,81,78,69,66,53,49,39,29,19
262.38,3896.8,21,121.736862565,43,43,75,104,109,109,125,138,145,155,155,153,157,154,156,151,148,148,144,141,143,143,144,143,136,134,131,128,122,115,108,103,98,93,84,75,65,55,45,42,39,29,22
265.43,3884.4,21,121.115745317,65,92,94,112,112,133,148,163,164,164,163,161,158,158,153,150,150,143,138,132,131,132,127,122,116,113,109,102,98,93,91,86,84,84,75,72,63,60,54,48,38,28,22
268.33,3872.6,20,122.370920161,54,88,88,92,106,124,137,137,153,161,166,166,166,167,164,161,158,154,148,145,142,143,143,139,134,132,126,120,110,103,98,96,94,86,80,71,65,55,55,42,35,25,22
271.32,3860.4,21,122.585230441,75,118,114,114,136,144,153,164,164,165,169,167,164,160,151,151,144,139,141,138,139,137,130,125,116,112,106,104,100,98,90,84,84,76,73,60,54,48,45,35,28,18
274.22,3848.5,20,122.370920161,20,20,58,84,99,99,102,116,124,144,144,155,160,162,160,160,157,154,149,146,144,141,138,136,132,132,128,125,117,116,110,106,98,96,95,93,81,79,70,67,61,51,45,35,28,18
277.06,3836.9,20,122.801049955,46,68,68,103,103,118,118,128,141,153,160,160,162,162,160,156,153,150,150,143,140,139,136,131,126,124,121,117,111,110,102,104,96,97,86,86,74,71,62,59,49,42,36,22,16
280.06,3824.6,21,121.946754123,49,74,74,105,109,132,132,144,155,162,167,167,165,162,159,150,146,142,135,135,134,132,131,126,124,121,120,114,110,106,105,104,99,94,85,86,80,74,68,62,52,42,35,22,15
283.01,3812.5,20,121.736862565,72,72,95,101,117,117,129,144,156,163,163,167,168,166,162,159,158,158,152,155,152,154,151,147,142,137,131,128,121,117,106,104,95,89,80,70,67,61,50,40,33,29
285.9,3800.5,21,121.736862565,20,20,63,99,118,118,121,139,150,161,161,163,164,164,161,158,149,145,145,135,134,130,133,137,138,133,130,125,124,117,113,106,104,99,94,85,79,73,70,60,50,40,33,26
288.84,3788.3,20,120.708630496,53,79,91,100,100,117,134,148,156,156,158,155,158,158,157,154,154,148,141,140,139,141,136,137,129,126,117,113,106,101,96,91,89,80,74,65,59,52,45,35,25,15
291.63,3776.8,21,120.708630496,37,37,62,93,95,95,109,112,126,137,137,148,151,157,155,155,148,148,144,137,138,133,134,129,127,122,119,113,109,105,101,99,99,94,89,84,82,76,70,64,61,51,45,35,28,18
294.47,3765.1,21,121.115745317,56,56,96,109,122,122,136,154,170,175,176,176,172,173,167,160,156,152,152,151,153,153,152,148,137,131,127,124,123,115,107,102,97,87,81,75,72,61,55,40,37,30,22
297.26,3753.4,22,121.115745317,52,52,79,102,102,102,118,127,139,154,162,162,167,168,169,167,162,155,153,150,150,152,151,149,142,136,127,129,123,118,110,105,96,91,85,82,72,65,55,51,41,37,30,23
300.2,3741.1,21,118.941908602,48,71,95,96,115,115,127,140,158,167,167,173,173,174,169,164,163,157,157,157,157,156,158,151,144,135,125,118,111,106,104,95,86,80,74,71,57,58,47,44,30,23
303.09,3729.1,21,119.91053357,42,42,65,86,88,88,105,121,137,158,158,167,172,174,172,169,169,167,161,160,156,153,150,146,139,134,125,119,109,107,99,98,92,87,84,75,69,59,53,42,32,25
306.05,3717.0,20,120.708630496,30,30,46,73,82,82,98,119,140,140,172,196,204,203,195,186,186,179,177,167,160,153,152,154,153,145,137,131,124,117,112,107,102,96,87,81,78,75,69,58,51,44,33,26
308.89,3705.1,20,121.528408625,25,25,66,86,107,107,108,130,147,166,182,182,191,189,192,185,181,174,173,168,168,169,166,162,158,153,147,141,134,123,115,106,97,91,84,81,68,60,53,46,35,27
311.93,3692.3,21,119.133133865,34,34,58,84,89,101,101,113,136,154,172,172,178,183,184,180,174,169,169,166,159,159,159,158,151,147,135,132,122,114,106,98,96,87,80,71,68,61,54,47,37,33,19
314.83,3680.2,20,118.941908602,60,91,92,104,104,123,147,166,183,183,195,197,195,189,179,172,165,161,161,155,154,150,145,140,128,121,110,109,101,95,89,87,81,75,72,68,65,58,51,41,34,26
317.61,3668.5,21,119.7142803,54,76,76,95,90,110,127,127,145,164,179,188,192,192,188,176,169,165,158,155,152,148,146,141,138,126,122,111,109,98,92,86,84,77,71,64,54,51,44,37,26,19
320.56,3656.2,21,118.941908602,88,100,100,105,113,128,140,140,151,155,156,163,159,161,161,153,156,152,155,154,157,153,152,145,136,130,123,119,108,103,98,93,87,81,74,68,61,51,44,33,26
335.12,3633.9,21,120.108080111,0,0,0,40,40,40,53,53,68,68,68,84,84,84,98,98,108,108,114,114,114,116,116,119,119,120,120,119,119,120,120,122,121,121,116,116,117,117,108,113,113,108,108,102,96,96,89,84,84,78,73,73,69,61,61,54,43,43,36,25,25,16,11,11,0
338.31,3625.0,57,201.156095042,56,72,72,95,95,106,125,125,141,141,149,155,155,154,152,150,150,150,150,150,153,153,151,149,149,149,146,143,140,140,137,136,131,127,119,116,116,105,100,93,90,79,75,61,52,52,42,32,22,10
341.27,3613.8,21,161.558563876,69,69,97,98,98,112,123,134,134,143,150,156,156,158,154,154,153,151,151,153,150,147,143,138,137,134,132,125,125,123,117,114,107,103,99,89,84,72,70,58,49,37,31,18
344.22,3602.1,21,130.357789005,27,59,88,94,94,96,112,119,119,133,143,154,158,158,161,159,158,158,158,155,155,151,151,148,145,147,140,138,130,125,118,111,104,96,91,82,77,64,58,55,48,42,25,19
347.07,3590.4,20,124.814539787,23,65,65,87,105,99,99,113,124,134,134,145,154,157,162,163,165,165,163,163,154,152,149,143,139,132,129,126,120,116,112,111,107,107,102,96,88,82,76,66,56,50,33,33
349.9,3578.6,21,121.736862565,51,83,83,110,114,116,116,130,139,155,164,173,173,173,174,170,168,162,160,158,157,157,153,151,146,146,137,131,124,116,115,106,104,89,83,80,70,63,52,41,34,27
352.69,3566.8,22,119.91053357,94,119,125,143,143,153,161,165,168,164,162,162,163,162,156,153,153,157,156,158,154,149,140,133,129,125,120,112,107,101,95,88,82,75,64,57,46,38,31,20
355.42,3555.1,22,117.636798011,77,102,115,120,120,140,149,159,166,171,172,172,172,172,164,162,160,159,153,149,144,141,138,135,135,128,123,115,110,100,98,88,85,75,68,61,53,46,35,23
358.16,3543.4,22,116.738772165,22,58,82,106,106,106,128,140,151,163,163,158,162,162,161,153,148,143,139,135,130,130,125,119,115,118,120,116,112,107,102,97,91,89,83,80,71,64,57,47,40,29,22
360.95,3531.7,22,117.274278615,49,67,103,100,118,118,136,148,160,164,163,163,166,164,166,158,154,149,149,153,152,152,154,147,142,136,129,126,122,117,106,104,98,92,82,76,66,59,55,45,19
363.73,3520.0,22,119.325594836,42,87,87,126,130,131,146,146,147,158,163,166,165,165,167,165,161,160,160,158,160,156,155,147,139,133,129,122,121,113,104,98,92,90,76,73,66,59,52,38,34,27
366.58,3507.9,21,118.56311015,27,64,64,87,100,100,100,114,126,138,145,155,155,159,168,160,162,154,154,152,151,151,151,149,142,143,138,135,129,122,114,103,98,92,90,87,78,71,57,54,44,37,26,22
369.41,3496.1,21,118.56311015,36,67,90,95,95,96,112,121,132,142,142,155,162,168,165,160,159,159,158,156,151,153,149,148,146,147,148,139,132,119,114,106,104,95,89,82,76,66,62,55,45,34,23
372.2,3484.3,21,119.519305557,47,47,74,107,109,109,114,126,128,134,142,142,148,152,155,152,151,147,147,147,144,146,139,135,130,127,127,124,120,116,109,101,96,93,85,79,69,63,53,46,39,29,19
375.04,3472.6,21,119.133133865,50,50,69,92,91,91,104,115,128,139,139,147,156,159,166,166,164,164,164,158,156,153,153,149,145,140,134,131,125,118,107,99,90,88,75,76,59,56,46,43,33,26
377.94,3460.6,22,120.708630496,70,70,88,89,107,107,121,139,155,166,166,171,172,169,163,161,160,153,156,156,151,150,149,142,137,129,122,115,108,100,98,90,84,75,72,62,56,46,39,29,26
380.74,3449.1,21,120.911502525,68,68,98,113,108,114,114,128,138,147,153,153,154,156,156,158,155,153,151,151,151,148,150,143,142,137,131,128,121,117,110,108,100,91,86,80,73,64,60,50,40,29,22
383.68,3436.8,21,121.115745317,60,77,101,96,117,117,136,152,166,170,170,169,168,165,158,155,151,148,148,148,147,144,139,132,129,123,119,112,102,97,91,93,84,75,65,59,52,42,36,26,22
386.46,3425.4,21,120.708630496,50,77,77,104,110,122,122,144,154,166,169,171,171,166,167,163,160,159,159,157,157,157,156,155,148,143,135,132,125,121,113,108,103,101,92,82,76,69,62,52,41,34,23
389.41,3413.1,21,120.911502525,56,56,77,99,97,97,115,132,142,156,162,162,166,169,164,160,159,158,156,156,148,148,144,145,140,135,129,126,119,115,104,102,94,88,76,69,60,50,46,36,33,19
392.19,3401.5,21,119.91053357,49,77,77,112,110,120,120,125,140,151,158,161,161,162,162,162,159,158,156,153,153,152,151,151,147,142,137,130,127,120,119,107,106,93,91,81,78,68,58,48,37,33,26
395.08,3389.4,21,120.306934911,32,32,58,83,91,91,100,121,134,153,153,165,173,180,178,177,171,171,169,165,166,164,170,167,164,157,152,146,140,133,126,121,112,107,98,91,85,75,71,60,49,38,34,23
397.92,3377.4,21,119.519305557,49,70,70,82,85,103,103,122,147,168,182,190,190,189,189,179,177,169,165,159,153,152,148,148,143,137,130,126,118,110,105,99,97,87,84,74,67,63,53,49,38,34,23
400.76,3365.3,21,117.819748225,42,71,71,90,97,106,128,128,140,153,165,173,174,174,173,171,163,159,160,157,159,156,155,150,145,136,132,125,118,113,108,102,100,94,95,85,82,71,68,61,50,42,31,23
403.51,3353.5,21,117.636798011,28,61,61,84,96,100,123,123,136,151,163,168,173,174,174,172,167,168,164,161,164,155,153,146,140,134,127,119,115,110,104,99,93,87,84,77,70,56,49,42,34,27
406.18,3342.1,22,116.916186985,44,44,80,105,110,119,119,142,150,164,165,174,174,173,176,171,167,163,161,160,163,165,164,162,157,151,145,145,141,129,121,115,113,103,96,90,78,71,59,56,44,36,24
409.04,3329.8,22,116.738772165,50,50,82,113,120,142,164,164,176,187,187,187,181,179,176,175,175,170,168,173,176,175,174,169,167,154,147,143,134,120,114,107,96,97,90,86,74,66,58,50,37,29
411.82,3317.5,22,115.021776101,83,117,117,150,141,152,162,165,165,172,172,172,169,170,165,168,162,162,157,162,160,158,155,149,148,137,132,127,122,112,105,103,92,84,69,65,53,45,28
414.66,3305.1,22,113.401535266,22,76,103,131,128,128,145,151,153,159,165,165,172,177,180,174,168,165,165,165,164,160,161,153,150,143,143,132,130,122,116,110,104,93,82,75,67,64,52,44,36
417.54,3292.7,21,115.021776101,22,22,62,80,94,94,97,119,145,164,187,187,194,200,192,189,180,175,168,166,162,162,160,159,157,148,134,127,115,110,101,98,92,89,82,79,68,65,57,50,42,35,27
420.34,3280.7,21,116.03972084,21,21,69,93,119,129,129,153,168,182,192,195,195,194,189,186,181,172,167,167,164,166,161,159,154,144,137,126,121,112,107,100,98,91,81,74,70,67,59,51,44,40,24
423.17,3268.5,21,116.56242934,58,58,78,92,89,110,110,132,144,162,167,170,170,171,171,166,160,158,153,152,148,149,151,149,140,131,124,116,115,106,104,95,89,79,76,73,63,52,41,37,30,26
426.01,3256.5,21,116.387147227,44,44,76,112,121,127,127,150,154,164,171,171,171,172,171,168,163,161,162,159,158,155,156,149,146,137,134,123,119,114,109,107,97,91,81,78,71,64,57,46,38,27,23
428.85,3244.4,21,118.375509978,56,56,82,113,112,122,122,144,148,160,165,165,166,166,164,161,158,153,148,147,148,150,151,149,149,144,141,135,128,121,116,114,109,94,88,85,74,64,60,49,45,34,27
431.7,3232.3,21,117.636798011,46,75,99,106,116,116,134,144,154,160,160,163,165,167,165,163,164,162,160,156,158,154,152,147,138,134,127,119,111,102,100,94,87,81,74,67,56,49,42,34,23
434.48,3220.5,22,117.274278615,57,57,75,89,88,103,103,122,136,149,163,164,164,165,160,155,151,147,149,146,147,149,150,150,152,150,142,132,122,118,114,109,100,94,92,86,76,69,62,48,41,27,23
437.37,3208.3,21,117.819748225,103,108,111,111,130,136,153,161,168,168,165,168,160,163,162,163,156,158,152,152,154,146,147,142,136,129,122,114,109,107,102,93,86,76,70,59,56,41,34,20
440.16,3196.5,21,118.75190523,34,34,69,99,99,113,113,129,147,164,168,174,174,174,175,169,164,158,153,153,155,154,155,151,151,146,140,134,130,123,115,110,105,96,80,69,66,55,52,34,30
443.06,3184.3,21,118.375509978,79,104,105,125,125,140,152,168,172,178,178,178,175,173,163,161,156,156,155,154,150,148,140,137,127,126,118,113,108,102,97,91,84,81,71,64,53,49,42,34,34
445.84,3172.4,21,118.189091544,61,88,87,90,101,101,119,137,158,168,180,180,182,184,180,177,174,170,162,162,158,157,152,149,143,137,129,121,116,108,102,92,85,79,72,61,57,42,39,27,27
448.57,3160.7,22,117.094685258,61,61,86,106,107,126,126,145,158,173,177,178,180,176,176,171,167,165,163,165,162,167,160,155,149,146,139,132,124,115,109,107,97,91,80,81,66,58,43,31,27
451.36,3148.7,22,116.56242934,48,65,65,80,80,97,120,120,143,164,184,191,192,187,187,181,171,165,160,154,153,152,150,145,139,136,129,121,110,101,95,89,86,80,70,63,52,49,41,34,27
454.06,3137.3,22,116.56242934,50,50,73,103,109,126,126,150,160,177,185,190,190,188,187,179,170,166,164,160,163,156,157,148,146,133,128,121,116,103,94,91,92,85,79,68,61,57,50,38,31,23
456.78,3125.6,22,117.274278615,48,70,70,97,105,122,144,153,153,164,169,168,166,165,159,155,155,153,149,151,150,148,146,144,135,128,118,113,108,103,94,92,85,79,69,58,51,44,41,30,23
459.57,3113.8,22,116.916186985,73,107,125,131,131,148,152,161,166,169,169,170,170,168,164,158,158,154,154,152,154,152,150,144,134,127,119,114,106,96,87,77,70,63,56,45,38,30,27
462.31,3102.2,22,118.189091544,80,80,108,111,116,136,136,144,158,165,170,171,173,173,169,168,164,162,162,159,156,151,143,140,131,127,116,112,103,101,95,89,83,73,66,59,52,45,38,30,23
464.99,3090.8,22,117.636798011,50,78,78,102,110,129,155,155,169,187,186,187,182,178,173,173,167,165,162,161,164,163,161,156,150,144,137,129,121,112,110,100,94,84,80,73,62,47,43,35,24
467.67,3079.1,22,117.094685258,51,51,75,92,98,111,111,138,160,179,190,195,193,193,190,185,183,176,174,168,174,173,172,168,155,149,141,133,129,119,114,104,97,90,76,68,60,52,44,32,28
470.36,3067.4,22,115.188959151,36,36,77,112,130,132,132,152,163,176,184,185,184,187,184,184,181,174,168,167,172,175,170,162,152,152,144,140,128,112,106,99,96,89,81,74,66,58,49,41,29,20
473.09,3055.3,22,113.878017901,27,64,64,96,110,115,136,136,156,175,192,194,192,193,186,180,173,164,160,159,160,160,162,153,143,142,127,125,116,110,96,89,82,75,67,64,56,48,36,32
475.88,3043.2,22,113.559476327,50,94,94,122,137,148,173,173,179,190,189,193,185,188,185,182,177,175,175,180,176,175,170,164,154,147,142,133,132,118,112,101,94,86,78,75,67,58,42,33,20
478.46,3031.6,21,114.362611049,67,99,99,135,134,157,180,190,202,202,204,206,208,203,194,190,187,180,183,189,188,182,172,169,157,139,137,126,120,108,105,92,88,80,76,53,44,30,26
480.67,3021.2,24,111.132893333,58,91,110,118,118,132,151,166,182,192,197,196,194,188,174,176,174,168,162,158,154,153,148,143,126,119,108,95,87,83,75,66,57,53,30,25
483.25,3009.5,28,106.469042608,42,42,75,99,103,109,130,143,143,154,162,161,162,160,155,152,151,150,148,146,146,147,144,137,130,122,110,108,102,96,86,79,72,68,57,50,39,31,20
485.98,2997.8,23,111.132893333,68,82,79,83,83,93,99,103,110,110,111,114,115,116,115,109,109,107,103,105,100,99,91,90,84,80,80,78,71,67,59,57,49,39,33,28,28
488.71,2987.3,22,118.75190523,62,62,62,59,66,66,71,74,79,79,80,84,85,85,87,88,90,90,90,87,86,84,82,82,80,78,73,71,64,64,61,56,52,46,41,41,37,29,23,17
490.65,2980.1,22,131.193438677,29,29,34,33,33,25,29,32,32,27,26,26,21,19,18,18,13,9,9
492.12,2975.4,37,137.717061871,19,19,47,72,72,70,72,72,71,76,76,79,79,79,75,71,71,69,67,63,63,58,50,50,45,40,34,34,28,19,19,11,2
493.86,2969.7,34,154.993468408,14,14,36,36,61,55,55,57,49,49,53,50,50,50,46,46,45,39,39,39,35,35,34,30,30,28,22,22,19,13,13,6
495.44,2964.9,36,156.678312019,38,38,47,47,66,58,58,59,56,56,53,53,53,49,48,48,43,44,44,39,39,37,32,32,31,26,26,22,16,16,8,7,7
496.9,2960.4,38,162.212654264,30,30,46,57,57,54,54,44,49,49,45,51,51,48,46,46,43,41,41,37,37,33,31,31,28,24,24,16,10,10,5
498.48,2955.7,40,164.939426644,40,63,67,67,67,67,53,53,53,50,51,51,46,42,42,39,39,35,32,32,27,26,26,22,20,20,15,12,12,6
500.17,2950.7,39,167.859313078,27,35,31,31,36,36,33,33,31,31,31,31,31,29,26,26,25,25,24,22,22,21,21,17,14,14,5,8,8
502.75,2943.9,36,172.657869323,34,34,42,42,48,48,55,55,64,64,73,73,79,87,87,91,91,91,89,89,96,96,97,98,98,100,99,99,100,100,100,99,100,100,99,96,96,94,91,90,90,86,82,77,77,74,71,64,64,57,49,45,45,37,31,20,20,13,5
505.78,2934.2,20,180.013716376,32,32,42,42,63,63,63,77,77,85,92,92,100,106,106,111,112,116,116,119,121,121,122,125,123,123,125,124,124,120,120,118,114,113,110,110,100,93,85,80,73,68,68,63,57,49,41,32,32,26,20,13
508.76,2923.5,20,151.326698394,34,34,46,62,62,58,79,79,93,109,126,126,133,134,134,136,132,134,131,131,130,130,128,127,127,123,123,119,116,111,107,107,100,98,91,85,79,76,69,63,63,53,44,31,24,22
511.75,2912.3,21,138.061355958,59,72,72,69,87,92,92,102,110,114,114,118,120,121,121,123,122,121,118,118,119,120,116,114,107,107,107,105,103,94,89,82,76,76,72,63,59,47,43,36,28,19,19,12
514.6,2901.7,20,133.230025081,59,59,80,78,78,97,109,123,123,132,132,132,132,129,131,131,129,129,128,129,130,132,128,128,125,120,121,115,113,109,103,103,98,89,83,74,69,56,51,41,36,25,20
517.37,2890.9,21,132.93130205,43,43,58,82,78,78,91,99,99,107,117,123,128,128,131,137,137,138,138,136,135,131,134,133,131,131,128,120,118,113,108,100,88,84,75,70,57,57,55,41,39,31,25,14
520.22,2879.9,21,129.275931747,45,45,64,91,91,92,105,114,114,123,131,136,139,139,139,139,139,141,141,140,143,144,144,145,138,135,135,131,129,130,125,117,111,107,100,93,85,80,75,64,55,43,34,24,18
523.17,2868.2,21,128.229117126,36,36,79,108,116,116,113,131,135,142,142,152,155,160,158,158,153,154,147,150,149,149,149,149,149,143,139,131,126,114,104,97,98,91,89,80,78,69,63,54,47,38,31,22
526.22,2855.9,20,125.046537607,58,96,99,99,119,127,141,141,147,157,157,165,165,164,163,162,164,161,163,161,159,159,154,145,141,133,130,121,117,110,102,94,82,70,64,55,48,38,32,25
529.16,2843.9,20,123.903452271,48,48,74,107,107,101,113,117,124,124,129,136,139,143,143,147,143,148,147,148,144,144,142,139,135,132,127,125,125,122,116,115,106,101,94,89,83,75,66,53,44,44,31,28
532.11,2832.0,20,123.679799344,35,58,85,85,85,101,112,129,129,146,152,159,163,165,165,160,156,153,148,148,146,148,148,145,136,128,120,112,105,98,93,89,87,82,73,67,58,52,43,40,31,24
535.12,2820.0,21,123.457752548,54,54,78,95,95,93,112,127,138,138,149,152,154,157,157,156,153,153,152,153,152,152,154,147,144,138,133,128,123,111,104,97,86,78,69,67,61,52,43,37,30,24
538.1,2808.1,20,125.046537607,80,73,73,82,97,104,104,117,125,135,142,142,145,149,151,151,153,148,148,146,140,134,129,127,117,115,106,103,99,99,95,91,86,84,76,68,56,48,39,30,24
541.01,2796.5,20,125.51575978,85,103,94,94,111,113,125,125,133,137,140,144,144,146,142,139,140,142,143,143,147,143,137,128,124,121,116,107,100,99,92,87,79,71,66,66,60,54,45,33,24,18
543.91,2785.0,21,125.753030212,46,46,68,86,80,80,100,110,126,126,134,139,140,146,146,147,145,145,140,141,139,139,137,131,128,124,120,115,109,106,103,99,95,95,90,86,81,73,65,59,56,45,36,24,12
546.69,2773.9,20,125.992104989,19,19,53,74,84,84,83,103,112,112,127,143,151,158,158,161,161,160,156,151,152,152,150,150,148,145,141,134,129,124,118,114,107,103,95,87,81,76,66,57,44,38,25,25
549.69,2761.7,22,124.814539787,56,83,101,101,101,122,136,150,157,157,161,161,162,163,162,162,157,154,148,150,150,147,140,130,122,116,112,111,107,103,95,95,93,88,82,73,64,58,48,38,28,25
552.48,2750.3,21,123.018397399,29,29,64,98,102,102,101,116,123,123,138,147,151,155,154,154,154,151,148,144,141,138,137,133,131,131,124,124,115,114,105,100,93,91,86,80,75,66,60,47,41,35,28,22
555.32,2738.7,21,122.15810074,47,47,65,85,85,85,100,109,119,128,128,134,138,141,145,142,142,143,144,140,140,138,139,136,137,137,130,128,120,114,108,104,94,92,84,82,73,64,55,46,40,28,21
558.16,2727.3,21,123.237291806,20,56,82,82,88,92,98,116,116,130,138,142,145,145,149,147,147,142,140,140,140,138,139,139,135,126,123,115,112,106,102,101,96,96,92,87,82,76,68,59,53,43,34,25,15
561.0,2715.8,21,123.679799344,44,44,70,105,104,104,109,116,115,115,124,130,135,139,139,144,145,149,148,147,147,150,150,150,142,138,134,129,127,118,118,111,107,103,92,86,78,75,66,60,48,38,28,22
563.83,2704.3,21,123.679799344,27,27,66,95,112,112,109,122,121,124,124,125,129,132,137,137,137,142,143,146,146,148,146,148,139,135,135,130,125,122,113,106,98,97,89,80,72,62,53,47,41,34,22,15
566.67,2692.7,21,122.585230441,48,68,68,80,79,92,92,107,116,128,128,137,140,144,140,141,141,136,134,132,132,131,130,126,122,122,122,115,106,100,96,95,90,89,81,70,62,53,44,36,30,24
569.62,2681.0,21,123.679799344,83,88,90,90,98,113,129,129,137,145,148,147,147,147,147,147,146,145,145,145,145,145,140,136,132,127,122,111,107,97,99,88,83,72,66,61,52,43,30,24,24
572.51,2669.5,21,125.753030212,20,20,43,69,78,78,77,84,84,96,110,125,134,134,145,149,152,147,147,147,143,140,136,131,128,124,124,120,113,106,98,91,87,80,76,71,69,67,59,51,51,48,43,32,23,17
575.46,2658.0,20,125.753030212,44,55,76,70,70,87,102,115,115,128,136,144,144,145,143,143,139,139,139,135,132,129,128,125,124,120,115,115,110,108,102,96,92,87,80,73,65,60,54,49,40,29,29,23
578.41,2646.4,21,127.972658207,44,55,77,77,72,88,100,100,109,126,137,140,140,144,142,144,142,142,144,143,140,142,138,138,137,137,131,125,117,109,106,100,96,89,85,80,69,64,52,50,35,35,26,20
581.25,2635.2,20,127.718238732,26,26,48,60,60,63,65,84,84,97,114,129,129,139,147,151,151,151,152,148,150,145,144,142,138,138,130,121,114,114,111,100,97,87,86,78,73,68,68,63,58,49,44,38,29,18
584.13,2623.8,21,126.966937592,50,71,84,84,79,95,108,122,122,130,140,142,150,150,151,153,153,151,153,153,149,147,145,140,136,132,127,122,116,107,103,93,88,83,83,78,73,64,55,49,40,30,21
586.92,2612.6,21,125.992104989,44,44,67,84,79,79,94,106,120,120,140,151,158,160,161,161,156,158,153,154,153,153,156,156,156,150,147,139,137,128,122,115,111,106,98,93,84,78,69,62,53,42,36,29,19
589.98,2600.1,21,123.679799344,74,88,89,106,106,126,139,151,160,160,160,163,163,161,157,157,154,152,153,153,153,152,148,141,136,128,122,112,107,103,101,96,84,78,68,65,59,52,42,32,22
592.87,2588.2,20,122.15810074,33,64,64,92,100,104,104,123,133,148,151,151,154,153,157,155,152,147,147,145,145,144,146,145,139,134,129,123,117,113,106,101,96,91,85,80,77,71,65,55,49,35,29,22
595.71,2576.6,20,121.736862565,43,43,74,101,108,108,115,132,144,155,155,160,160,161,161,161,156,155,155,153,153,153,155,152,148,137,132,126,122,112,104,99,90,88,82,76,70,60,57,46,43,33,29
598.66,2564.4,21,121.32137516,105,97,97,106,121,128,144,144,151,156,158,161,161,161,159,158,151,152,149,148,147,146,135,130,121,117,110,105,104,95,93,84,82,72,66,60,56,46,36,26,22
601.54,2552.4,21,120.708630496,20,64,83,107,107,106,125,132,139,139,145,147,148,150,149,149,146,145,143,145,142,147,146,148,144,144,139,131,125,119,112,107,99,94,86,80,77,75,65,59,52,42,36,25,22
604.39,2540.7,20,121.115745317,22,62,62,81,96,95,95,112,126,137,145,145,143,149,147,148,141,141,139,133,137,133,132,128,124,124,121,115,106,106,103,98,100,95,93,88,86,81,72,66,60,54,44,35,28,19
607.24,2529.1,21,121.528408625,21,44,44,60,65,64,64,83,96,112,112,127,135,142,148,148,147,149,150,150,151,149,152,152,147,149,146,148,138,131,119,113,103,99,94,89,84,75,66,60,57,44,35,25,19
610.07,2517.5,21,122.585230441,45,74,74,97,95,108,108,118,127,139,143,143,147,151,153,154,152,151,151,144,147,144,146,145,136,133,123,119,110,106,99,97,92,87,75,72,70,63,57,48,41,28,21
612.91,2505.9,21,122.370920161,24,66,66,85,103,94,94,109,116,124,124,131,134,141,148,154,154,154,153,152,148,149,149,146,142,135,135,131,128,122,119,112,108,100,96,87,82,79,70,61,51,41,35,28,22
615.81,2494.1,21,122.801049955,25,25,68,103,118,118,112,117,116,120,120,124,127,131,136,142,142,146,147,141,138,136,132,128,121,121,122,119,116,113,107,100,96,91,89,84,79,73,68,65,59,50,40,31,25
618.71,2482.3,21,122.801049955,50,50,70,88,86,86,109,126,142,142,152,155,157,158,159,159,153,154,149,147,145,144,138,132,125,125,116,113,113,109,105,103,99,97,92,87,78,69,63,57,48,35,28,18
621.53,2470.8,21,123.018397399,28,28,60,77,85,85,88,109,120,134,134,144,147,151,150,152,152,151,148,147,147,147,142,141,135,136,136,128,122,114,110,103,98,91,82,77,71,66,56,53,47,38,31,22
624.39,2459.2,21,122.585230441,46,64,64,92,92,103,103,117,126,134,141,141,142,145,143,141,143,143,146,145,143,140,139,136,134,129,122,113,101,97,97,92,91,86,81,75,67,61,52,52,43,34,24,18
627.23,2447.7,21,123.018397399,45,45,71,99,99,99,118,128,138,138,147,152,157,162,162,162,160,160,157,161,160,163,161,158,152,152,145,137,129,119,112,105,100,95,86,77,68,62,55,45,35,25,22
630.17,2435.7,21,123.903452271,61,94,113,113,115,135,147,147,159,166,165,171,172,169,169,165,160,159,157,163,163,160,151,140,132,123,116,108,100,89,83,78,75,69,62,53,46,36,29,22
633.07,2423.7,21,121.946754123,20,56,74,87,87,82,100,105,105,114,118,122,124,130,130,131,135,138,136,134,134,132,129,125,123,116,111,106,103,96,92,88,88,86,79,74,69,61,55,50,41,29,20
635.85,2412.7,21,122.585230441,31,47,47,63,65,65,68,84,90,90,99,108,108,115,115,118,117,121,118,118,115,111,108,105,101,99,99,94,89,82,79,75,71,65,65,61,56,57,50,48,38,33,24,19,19
638.69,2402.0,21,127.718238732,46,72,72,70,76,81,81,96,106,117,117,123,129,133,133,133,133,135,133,132,132,129,127,122,124,123,119,119,115,111,106,101,93,89,80,73,66,59,59,48,43,38,30,22,14
641.54,2391.1,21,132.050936474,40,40,60,77,77,75,86,91,91,108,120,130,130,138,138,139,137,137,137,138,138,135,133,133,135,137,134,129,120,113,108,100,100,96,87,81,73,69,64,56,48,42,31,26,20
644.43,2379.8,21,130.083927297,103,109,109,114,122,125,125,133,137,139,141,141,141,141,140,137,135,135,137,139,141,138,130,128,126,124,119,113,107,100,100,93,88,83,72,63,54,52,36,30,24
647.22,2368.6,22,126.966937592,28,28,56,74,75,75,74,86,95,95,107,115,117,117,123,127,130,134,137,137,136,136,136,139,136,135,130,130,123,119,116,113,107,98,94,87,80,72,67,55,50,38,29,29,24
650.04,2357.4,21,125.046537607,93,125,119,134,134,130,132,132,132,132,137,138,141,136,136,136,134,136,136,130,129,127,125,123,120,115,115,111,105,98,93,85,77,69,63,58,45,42,33,27,18
652.85,2346.1,22,125.046537607,48,64,88,89,89,106,120,131,141,141,147,152,151,151,147,147,148,142,141,138,140,144,141,140,135,135,131,125,119,113,106,99,94,86,83,72,66,53,50,38,31,21
655.53,2335.2,21,124.128731771,54,75,75,93,91,105,105,115,120,128,133,133,136,137,138,132,132,130,130,134,131,130,131,130,128,126,123,123,117,111,101,97,97,92,84,79,70,58,52,43,40,31,21
658.36,2323.7,22,122.585230441,61,61,86,116,118,118,136,145,155,160,160,162,164,165,160,157,157,150,153,151,153,150,149,148,144,145,137,140,134,128,121,113,105,96,94,88,81,72,65,58,48,37,26,19
661.37,2311.2,21,122.801049955,68,68,100,125,125,125,145,149,158,167,167,167,172,171,170,165,164,158,155,152,154,150,150,146,141,135,129,122,121,113,105,103,97,91,78,75,65,62,55,33,26
664.26,2299.1,21,119.91053357,82,119,133,130,130,139,137,144,152,152,158,158,163,160,161,155,161,153,153,158,152,154,149,144,136,132,126,118,114,105,100,87,81,75,79,69,62,48,41,33,23
667.15,2287.0,21,119.325594836,37,81,81,119,137,140,155,155,153,158,158,156,154,154,152,155,154,152,149,152,151,148,143,141,141,136,130,124,120,116,108,106,101,96,87,77,71,64,61,51,40,30,22
670.1,2274.7,20,119.91053357,85,85,85,101,117,127,142,142,150,152,157,159,157,157,157,154,152,150,149,146,143,141,136,131,122,113,108,101,96,91,82,76,67,67,61,48,45,38,25,19
672.94,2263.1,21,120.708630496,29,67,67,96,108,111,111,130,138,149,154,154,155,158,159,159,157,151,151,147,150,150,149,146,139,138,130,127,117,114,106,102,90,82,79,77,71,61,52,45,39,32,25
675.84,2251.3,21,122.370920161,64,64,93,121,119,136,136,137,140,138,135,135,134,131,131,133,135,135,135,137,138,140,142,136,134,132,127,124,118,111,107,103,98,93,81,79,70,70,64,51,45,35,32,18
678.68,2239.7,20,122.370920161,34,34,74,104,114,114,118,135,144,152,152,155,157,159,160,160,155,155,154,153,150,150,150,143,139,131,129,117,110,106,101,96,88,85,83,74,68,58,55,52,45,35,25,15
681.58,2227.8,21,122.15810074,41,41,58,82,88,104,104,130,140,156,156,158,156,155,154,155,153,153,152,150,145,145,144,141,136,126,120,111,110,100,96,91,89,83,83,78,72,66,60,54,44,35,28,18
684.57,2215.7,21,121.946754123,19,51,68,84,84,83,108,129,129,146,162,171,172,172,171,165,157,155,154,150,150,148,148,145,143,137,132,121,114,108,101,96,94,89,81,72,69,60,54,44,34,28,18
687.47,2203.9,20,123.457752548,33,33,64,93,110,110,114,131,137,148,148,154,156,155,156,156,156,152,151,142,142,137,136,129,125,120,114,114,108,104,94,87,79,77,65,57,45,42,36,33,24,21
690.41,2192.2,21,123.903452271,19,19,56,78,98,98,95,125,139,139,149,157,159,158,158,154,149,145,140,139,139,139,138,140,133,131,124,120,111,108,105,98,88,88,83,75,67,56,50,45,39,36,27,21
693.36,2180.5,20,125.992104989,51,51,67,99,90,90,112,122,134,134,145,149,153,156,155,155,152,146,147,144,146,144,144,141,136,129,122,117,111,107,101,97,89,88,86,81,75,67,58,52,46,37,37,31,21
696.3,2168.8,21,125.753030212,20,56,56,74,94,92,92,114,123,134,134,142,149,153,158,158,160,159,157,154,151,152,150,150,150,144,141,134,129,123,114,107,103,96,88,76,71,65,59,50,44,34,25,21
699.24,2156.9,20,124.814539787,58,58,92,139,132,132,137,138,142,142,150,153,154,155,155,157,157,152,153,147,151,149,148,142,138,133,127,124,124,118,111,103,96,94,88,79,70,61,51,45,38,28,22
702.2,2144.9,20,123.903452271,30,30,67,98,115,119,119,141,147,157,157,162,163,164,165,162,159,159,159,155,153,153,150,146,137,129,120,113,106,105,97,96,90,85,83,74,74,65,58,49,42,32,25
705.13,2132.9,20,122.585230441,63,98,106,111,111,132,143,154,161,161,163,164,165,159,154,153,151,151,151,151,148,144,137,135,129,126,113,109,101,97,91,83,80,71,68,55,48,42,32,25
708.03,2121.0,21,121.736862565,61,91,89,89,99,120,132,153,153,163,167,170,169,164,164,158,157,151,154,149,151,142,138,127,119,110,103,103,98,93,85,83,78,72,66,60,54,47,38,28,18
710.92,2109.3,21,122.370920161,42,42,76,110,114,114,115,134,140,140,153,155,153,151,154,154,151,151,145,146,143,145,142,138,138,132,127,121,115,109,102,97,90,82,73,64,62,59,46,37,31,21
713.82,2097.6,20,123.679799344,23,23,67,87,106,106,101,122,131,146,146,153,156,154,155,155,153,151,150,147,142,137,136,133,133,126,121,113,109,103,99,92,90,85,83,78,72,70,61,52,46,37,34,24,18
716.65,2086.2,20,124.128731771,29,64,89,99,99,97,113,123,123,138,145,147,152,156,156,157,154,154,148,151,146,153,150,144,144,138,138,136,131,118,111,104,99,94,92,83,71,61,58,52,45,39,32,19
719.49,2074.5,21,123.457752548,23,23,58,81,101,101,102,120,129,129,141,149,151,150,150,150,150,147,147,143,143,143,147,144,144,145,141,139,134,134,131,125,115,107,99,97,85,82,69,63,56,43,32,22
722.35,2062.7,21,121.528408625,59,59,71,82,80,80,101,120,134,149,149,156,159,160,156,154,155,155,151,147,144,143,142,141,139,137,132,123,116,112,108,97,88,83,74,64,58,52,42,28,22
725.22,2050.9,21,120.911502525,69,69,97,100,103,103,114,119,135,138,138,144,146,150,147,149,149,141,139,134,131,127,125,118,115,109,109,106,102,101,100,101,94,92,84,82,77,71,65,56,47,37,34,21,18
728.17,2039.0,20,122.370920161,61,86,102,102,91,113,115,115,127,132,135,143,143,146,150,150,152,149,147,145,145,143,140,139,132,127,117,113,107,103,96,91,86,84,82,77,71,65,56,50,40,34,34,28,18
731.12,2027.1,20,123.903452271,64,64,85,113,113,106,125,131,141,141,147,151,151,153,152,152,153,149,150,146,148,148,145,144,144,138,133,122,119,112,109,98,90,82,80,71,65,56,50,47,37,31,21
734.17,2014.9,20,124.128731771,63,87,105,105,107,130,138,138,149,154,156,156,156,155,156,152,149,148,146,148,148,148,145,139,132,125,119,113,106,102,95,90,85,80,77,65,59,44,40,34,28,21
737.07,2003.2,20,124.35565866,51,51,75,105,109,109,122,135,142,153,153,157,161,164,166,163,163,156,153,154,155,152,152,144,137,129,124,118,108,108,98,90,85,83,77,72,66,57,47,38,35,31,28
740.11,1990.9,20,123.903452271,68,94,94,109,117,143,155,155,168,173,173,174,174,170,167,164,159,155,161,159,164,159,159,153,143,138,133,126,123,116,111,100,94,89,86,73,67,53,50,40,33,26
743.12,1978.5,20,123.457752548,34,34,85,128,158,159,159,181,186,189,190,186,186,189,189,184,182,179,181,180,178,176,172,165,157,148,142,138,134,129,124,122,113,107,100,97,94,87,84,76,73,69,61,53,32,28
746.32,1964.7,19,120.108080111,95,95,130,135,148,161,161,163,169,169,172,170,171,165,165,164,162,165,165,168,164,160,156,150,147,137,133,122,124,123,121,112,102,95,92,85,74,63,51,44,32,24
749.31,1952.0,19,116.56242934,60,60,86,117,118,137,137,149,159,168,170,167,167,168,164,153,151,146,148,147,146,150,146,144,135,132,125,121,120,108,106,94,95,85,83,76,66,59,52,45,37,30,23
752.38,1939.2,20,117.454978868,84,117,122,141,141,154,161,167,166,167,167,168,169,164,163,157,150,147,143,142,140,137,137,138,135,132,125,118,110,108,103,94,88,78,72,61,51,37,30,16
755.22,1927.3,20,119.91053357,34,34,67,83,86,86,85,103,110,110,117,126,129,135,136,136,137,142,142,143,145,148,148,150,150,147,151,150,148,150,142,139,126,119,112,103,91,82,73,66,53,43,36,29,22
758.05,1915.6,20,120.507113209,23,66,66,85,99,88,88,99,104,112,119,119,121,121,125,127,128,128,130,130,129,131,132,131,129,128,123,123,120,114,111,105,103,96,92,84,78,70,64,52,46,37,34,27,15
760.94,1904.0,21,121.32137516,23,23,61,81,95,95,94,109,111,111,118,124,124,126,126,130,131,136,132,135,135,137,135,139,138,135,131,127,125,117,114,114,108,107,97,93,88,80,69,60,51,46,36,27,18
763.78,1892.6,21,124.814539787,45,45,58,79,80,80,92,107,115,115,129,135,137,143,143,139,142,138,136,132,127,127,127,125,121,120,112,107,104,100,94,87,87,86,81,76,68,63,55,49,41,32,26,18
766.62,1881.4,21,124.814539787,63,84,75,75,86,89,100,100,111,123,130,139,139,144,145,145,144,141,141,142,140,136,130,124,120,115,110,105,105,96,92,82,75,64,56,51,46,46,37,29,15
769.42,1870.3,21,126.720399229,85,85,85,95,114,122,135,135,139,143,145,146,146,148,146,145,146,149,152,152,150,143,137,130,126,121,118,109,102,95,90,86,80,75,67,55,46,36,30,30,21
772.19,1859.2,22,126.475764646,19,19,58,87,87,108,102,119,125,125,134,145,149,150,150,151,155,155,157,154,153,153,153,153,148,142,135,133,125,122,113,109,96,88,76,71,59,56,46,43,34,28,21
775.05,1847.7,21,124.584254135,48,48,79,111,109,109,122,131,135,147,147,150,152,153,151,153,153,150,146,142,144,139,138,134,129,122,116,110,110,106,96,88,80,78,66,64,55,52,40,33,27,21
777.89,1836.2,21,123.903452271,23,58,58,75,86,86,80,97,106,120,120,131,140,146,150,150,152,154,154,154,148,149,147,147,146,138,134,130,133,130,122,113,106,95,87,79,74,68,59,50,40,31,28
780.72,1824.8,21,124.35565866,26,26,38,59,63,63,65,70,74,74,92,107,112,112,122,124,129,128,128,128,125,125,122,119,116,114,114,112,108,108,100,97,94,93,86,82,75,75,68,57,50,42,33,23,17
783.66,1813.5,21,124.814539787,32,40,56,49,49,51,56,56,57,62,65,65,65,69,66,66,69,69,72,72,68,67,66,66,62,60,56,55,55,54,53,48,42,42,39,34,32,32,26,22,17,9,9
785.51,1806.9,21,132.635240263,34,34,33,33,33,27,30,30,33,24,24,26,20,20,20,20,11,11,10
787.03,1802.2,40,144.087860981,26,26,31,31,49,33,33,43,37,37,35,35,33,28,28,25,20,20,18,16,16,14,14,7,1,1
788.51,1798.0,37,162.212654264,14,14,27,27,35,35,42,38,38,34,34,30,31,31,31,31,24,24,22,22,22,18,18,18,7,7,13,13,1,3,3
789.96,1794.0,39,175.27429512,11,11,24,24,42,47,47,49,49,45,45,44,44,43,36,36,36,36,29,33,33,24,24,24,24,16,14,14,10,10,7
791.56,1789.7,40,183.118011186,35,35,37,40,40,41,41,41,41,37,37,34,29,29,27,27,24,24,23,20,20,18,18,14,14,12,6,6,5,5
793.02,1785.8,39,187.613488248,11,22,22,36,36,42,42,43,43,43,43,44,41,41,39,39,36,36,32,32,30,28,28,27,27,25,25,22,20,20,18,18,14,14,8,3,3
794.59,1781.7,38,190.034574484,24,36,36,41,41,42,42,43,45,45,44,44,43,43,40,40,37,35,35,32,32,28,28,24,22,22,18,18,15,15,8,5,5
796.07,1777.8,40,190.034574484,26,40,40,43,43,46,46,46,45,45,44,44,40,40,39,39,35,30,30,29,29,23,23,24,21,21,19,19,15,8,8,8,8
797.65,1773.6,41,188.808510838,35,43,43,48,48,50,50,54,52,52,52,52,49,49,49,44,44,46,46,42,42,42,40,40,35,32,32,27,27,21,14,14,1,1,2
799.18,1769.4,37,186.448157014,11,11,23,23,38,38,42,44,44,42,42,42,42,43,40,40,38,38,33,33,40,35,35,37,37,36,35,35,30,30,26,12,12,10,10
800.69,1765.3,39,183.118011186,14,14,21,21,22,23,23,23,23,25,25,24,24,23,21,21,19,19,16,16,11,11,10,6,6
802.12,1761.6,43,184.201574932,11,17,17,20,20,21,21,22,22,20,20,20,20,18,18,16,16,15,13,13,11,11,10,10,7,7,5,5
803.45,1758.4,42,196.684470478,9,9,14,14,19,19,19,19,20,20,20,20,20,20,19,19,17,17,16,16,14,14,12,12,10,10,7,7,4,4
806.08,1752.6,44,209.617795473,24,24,31,31,38,38,43,43,43,49,49,53,53,56,56,59,59,61,61,62,62,63,63,64,64,65,65,65,65,65,66,66,65,65,63,63,59,61,61,62,62,60,60,56,54,54,50,50,47,43,43,41,35,35,30,30,24,19,19,14,14,10,7,7
809.19,1744.4,19,215.443469003,15,15,28,28,38,38,48,48,58,58,66,66,76,76,85,93,93,95,95,94,100,100,102,102,101,97,97,96,91,91,89,85,85,84,82,82,81,77,77,73,72,67,67,63,58,58,54,51,46,46,41,34,34,30,24,20,20,15,8
812.24,1734.9,20,181.02505061,19,19,37,48,48,62,62,80,83,83,98,98,101,106,106,106,108,108,109,109,109,109,108,109,109,109,107,106,106,105,103,100,100,96,94,92,87,87,84,79,77,71,71,66,60,51,44,35,35,29,20,14
815.19,1724.7,20,156.678312019,26,26,41,62,62,63,80,80,86,97,97,103,114,114,119,120,119,119,121,118,119,119,118,114,115,113,113,114,112,109,105,102,102,98,92,86,77,69,62,62,58,52,44,39,33,29,29,18,11
818.13,1714.1,21,142.876981372,33,33,61,74,74,80,104,109,109,123,124,124,128,129,130,130,130,129,130,134,134,137,139,136,135,132,132,130,125,122,114,112,105,100,92,92,85,79,72,65,55,50,43,35,25,17
821.13,1702.7,20,136.70439978,67,95,97,97,109,126,133,133,147,149,153,152,152,148,147,139,139,139,139,138,138,135,135,131,130,123,118,113,110,110,104,97,90,83,75,64,55,50,44,35,23,20
824.24,1690.6,21,129.812352546,62,62,61,61,72,72,77,84,84,89,89,94,94,91,94,94,98,98,99,96,99,96,96,94,91,91,89,87,87,84,81,79,76,74,73,73,70,66,62,61,54,48,46,46,39,32,23,18
827.13,1679.9,19,129.812352546,37,37,57,88,88,92,115,115,136,150,163,163,165,169,169,164,164,163,159,156,157,156,158,158,150,148,141,137,128,121,113,106,97,93,86,81,73,70,70,62,56,45,42,33,27,21
830.07,1668.2,21,133.230025081,43,68,90,92,92,112,127,134,143,143,141,142,140,140,140,141,136,137,137,139,141,141,141,138,132,128,120,118,115,108,102,95,90,82,77,69,63,51,45,30,30,24
832.86,1657.0,21,125.753030212,29,29,59,80,80,89,87,103,103,106,115,122,124,124,130,134,134,133,127,127,127,127,130,128,124,118,114,111,111,108,103,97,90,89,79,77,67,62,54,43,40,26,26,20
835.7,1645.9,21,125.280269997,68,94,96,96,107,119,131,131,142,146,148,149,149,148,144,141,136,136,134,134,136,135,127,125,118,116,108,107,101,94,87,80,80,72,64,55,50,41,38,26,18
838.49,1634.8,22,126.966937592,23,23,54,74,74,86,89,113,113,120,133,137,141,141,141,142,138,138,138,137,135,135,138,137,135,131,123,123,118,113,113,107,100,94,89,82,74,69,64,50,41,35,26,26,21
841.33,1623.6,21,126.720399229,19,19,50,72,72,69,67,78,78,89,103,112,122,122,127,133,135,134,134,137,137,137,136,138,136,136,135,130,128,124,122,117,109,103,93,84,76,76,65,60,49,40,32,23,15
844.27,1612.1,21,126.720399229,93,86,86,98,112,123,123,138,145,148,153,153,152,151,147,145,141,141,139,139,139,136,135,126,124,116,116,113,109,103,103,93,88,80,72,63,54,45,30,24
847.11,1600.7,21,127.215405814,40,40,69,92,86,86,88,99,106,106,117,128,132,139,139,143,145,151,149,148,149,149,143,143,138,137,128,126,116,116,107,103,99,99,89,84,76,71,63,54,45,36,24,21
850.07,1589.0,21,125.280269997,63,81,76,76,94,106,117,117,130,134,139,140,140,143,145,147,146,147,148,148,151,154,145,142,135,136,132,127,118,109,105,100,99,99,91,83,77,65,56,47,41,31,18
852.86,1577.7,21,125.280269997,21,21,66,85,105,105,97,116,120,120,128,140,142,144,144,144,145,142,145,141,143,138,143,143,139,135,128,121,118,109,102,95,93,86,81,75,67,64,52,49,40,31,21
855.68,1566.3,21,123.237291806,26,54,54,80,88,82,82,99,107,123,123,134,141,150,151,152,152,152,151,148,145,140,140,136,136,133,128,124,118,113,109,102,98,94,86,81,72,70,58,55,46,40,28,18
858.54,1554.8,21,124.128731771,99,118,118,109,122,124,124,128,136,138,140,141,141,138,139,137,135,132,131,130,130,126,124,122,116,111,107,101,96,92,87,82,77,72,66,58,45,39,27,24
861.33,1543.5,22,123.679799344,85,96,96,93,112,117,117,130,140,142,148,148,148,148,145,144,140,140,135,137,137,131,124,122,114,113,107,101,96,89,87,76,77,66,63,51,48,39,33,33,24,18
864.1,1532.4,21,124.128731771,26,57,80,97,97,97,122,130,130,143,150,149,152,149,149,147,140,138,132,131,132,131,131,125,118,113,110,104,98,91,87,82,80,75,70,64,59,47,47,44,33,30,21
866.79,1521.6,21,124.584254135,27,27,53,67,75,75,68,93,99,99,115,127,136,143,143,147,145,145,143,139,139,138,133,132,124,125,121,119,114,105,105,102,95,91,84,76,69,63,58,44,38,32,23,20
869.69,1510.1,22,125.280269997,53,53,72,106,106,105,122,135,137,137,143,144,142,145,145,143,141,136,134,131,131,131,130,131,125,123,118,115,109,101,99,92,85,75,72,67,67,65,56,50,44,36,24,18
872.46,1499.1,21,125.992104989,46,66,66,87,82,98,98,113,126,141,141,149,154,155,152,146,146,143,140,138,136,135,137,130,126,126,119,111,105,104,97,93,89,84,79,68,65,54,48,39,27,21
875.25,1487.9,22,125.51575978,27,55,85,98,98,94,111,115,115,130,138,142,145,145,145,143,142,143,139,135,135,135,134,133,129,127,120,120,114,113,104,97,87,87,82,71,66,60,48,45,36,33,21,15
878.04,1476.8,21,124.814539787,45,45,57,74,68,68,84,101,116,116,134,141,147,150,150,147,144,141,136,134,129,129,126,123,121,117,109,101,95,87,80,75,75,76,71,66,61,56,54,45,43,32,26,20
880.99,1465.2,21,125.280269997,82,78,78,90,107,117,117,133,142,148,148,153,153,156,152,150,147,147,146,144,144,139,136,135,128,124,113,113,107,100,96,89,84,79,74,69,60,54,48,39,33,24,18
883.85,1453.7,21,127.465830488,84,88,88,100,119,130,142,142,145,145,148,148,148,144,145,138,140,138,140,137,137,133,124,116,108,108,104,100,93,92,87,85,80,75,66,57,52,43,33,24,15,15
886.62,1442.6,21,124.584254135,31,70,89,104,104,101,121,125,135,135,142,143,147,151,151,155,155,148,146,142,144,141,138,138,131,127,119,113,109,103,101,94,92,84,76,67,61,52,46,40,31,21
889.42,1431.3,21,124.35565866,66,85,85,83,88,103,109,109,122,128,134,137,137,139,138,139,140,138,136,136,135,139,136,132,128,126,121,118,109,108,98,91,86,78,78,75,64,58,46,40,24,18
892.21,1420.0,22,123.679799344,66,66,88,88,102,102,115,125,135,142,142,144,148,148,146,147,147,144,146,144,144,144,138,134,127,122,116,116,107,100,93,88,83,75,75,67,61,52,43,37,27,24
894.88,1409.2,22,123.903452271,38,62,62,92,99,104,104,123,134,146,155,155,156,159,164,156,155,154,155,155,153,156,154,153,141,136,128,125,119,109,104,96,97,89,83,77,75,62,52,42,35,29,19
897.73,1397.4,22,122.801049955,25,63,83,92,92,84,95,96,105,105,117,126,128,137,137,137,138,137,137,139,138,133,134,134,123,121,113,110,106,102,96,94,87,85,77,71,69,57,48,39,33,30,18
900.51,1386.3,21,121.736862565,50,50,74,105,104,104,114,122,135,145,145,147,146,148,150,147,147,144,141,139,138,140,142,138,134,130,125,125,119,110,106,99,92,84,76,70,64,58,49,46,37,31,21
903.34,1374.8,21,124.584254135,83,83,104,101,120,120,121,129,136,136,136,137,139,140,138,137,135,135,134,136,138,137,133,126,121,119,110,109,100,100,101,97,95,84,79,70,71,59,56,37,34,21,15
906.14,1363.4,21,123.237291806,71,99,118,119,119,137,137,144,143,145,145,148,152,152,151,147,143,143,143,142,144,143,133,131,126,126,116,116,109,104,93,84,79,73,67,57,51,41,35,25,18
908.83,1352.4,22,122.801049955,59,59,83,103,97,109,109,122,133,142,148,148,148,152,149,148,145,142,142,142,142,143,140,138,133,131,122,119,112,108,98,96,87,85,76,74,64,55,45,38,28,25
911.62,1340.9,22,121.528408625,40,40,64,83,86,86,102,123,135,135,147,150,149,149,151,151,148,150,146,144,141,143,138,136,129,129,124,119,115,112,108,104,96,91,86,81,75,66,57,47,38,25,22
914.44,1329.4,21,122.15810074,80,109,111,126,126,137,144,152,152,152,152,152,156,152,151,142,139,139,136,135,133,132,127,121,118,112,114,107,99,95,89,84,75,73,67,57,51,41,28,15
917.14,1318.3,22,122.15810074,54,54,80,105,103,103,104,115,119,132,132,141,146,148,149,147,143,143,146,144,146,138,137,132,130,123,120,113,110,103,98,98,93,88,83,74,69,59,57,47,37,25,18
919.98,1306.8,22,121.736862565,21,21,54,71,86,86,81,101,111,111,125,134,140,143,143,147,147,145,146,147,145,145,145,148,145,142,135,131,128,123,117,110,103,99,94,89,83,75,69,57,54,44,38,22,9
922.81,1295.3,21,123.237291806,38,38,71,98,104,104,105,122,128,145,145,156,160,161,164,160,160,165,162,161,157,160,158,157,151,147,142,133,130,123,119,115,107,102,93,87,77,71,64,58,47,37,29,19
925.76,1283.0,21,122.15810074,78,112,115,115,126,145,153,170,170,173,173,168,171,167,164,160,158,158,156,161,160,159,152,144,141,135,131,124,119,114,109,103,90,91,77,74,63,64,49,42,23
928.54,1271.2,21,119.7142803,49,82,82,109,114,116,132,132,141,154,164,169,170,170,175,173,173,170,165,160,157,156,148,143,134,134,127,123,112,107,98,95,86,79,73,66,55,45,41,30,23
931.35,1259.4,21,118.003841881,52,52,84,112,118,118,134,155,162,175,174,174,176,175,176,173,173,167,162,165,164,164,160,152,146,137,133,129,125,113,107,101,95,89,86,79,65,57,50,46,35,31
934.18,1247.2,21,118.375509978,55,80,80,97,92,96,96,113,124,139,147,158,163,163,169,169,169,166,164,164,164,161,158,156,154,149,143,133,125,121,116,107,97,91,85,78,67,64,53,42,30,23
936.86,1235.8,21,116.916186985,28,28,63,78,91,88,88,103,113,124,135,142,142,141,144,143,138,140,138,137,137,135,137,135,130,125,125,124,121,117,110,109,97,99,87,81,72,65,56,49,42,36,22,15
939.64,1224.2,22,117.819748225,31,31,67,92,110,105,105,125,133,141,147,147,149,147,150,147,146,146,144,144,143,140,136,132,130,127,124,121,118,111,103,98,93,88,79,70,67,58,48,42,32,25
942.38,1212.9,22,120.708630496,45,63,81,83,83,108,125,136,149,147,147,148,143,140,141,143,141,141,141,143,144,143,142,138,133,131,122,118,108,104,93,87,79,76,70,61,48,41,31,28
945.17,1201.5,22,121.115745317,55,80,97,97,93,115,125,137,137,146,145,147,150,150,150,150,146,144,144,149,146,148,142,138,133,133,125,121,109,108,100,98,93,85,83,73,71,61,58,42,35,25,19
947.86,1190.4,21,121.946754123,53,73,73,91,85,97,97,110,121,133,142,146,146,149,145,142,138,136,133,133,132,131,132,125,120,115,115,111,107,101,96,95,87,82,73,67,62,56,56,50,37,31,21
950.59,1179.3,22,121.528408625,47,72,72,98,96,96,96,108,113,124,135,135,138,143,149,146,148,144,144,144,142,142,138,137,136,131,131,126,123,117,113,106,101,93,84,79,79,64,64,57,45,35,25,22
953.34,1168.0,22,122.585230441,49,49,77,100,99,105,105,118,120,129,132,132,135,135,138,139,137,134,134,134,137,132,135,126,129,124,121,118,114,111,107,99,94,86,81,72,63,53,50,38,38,28,18
956.02,1157.0,22,121.32137516,56,56,77,105,99,99,105,117,122,130,130,135,136,144,146,143,143,141,143,143,146,148,147,144,139,135,135,130,127,117,117,113,105,104,95,87,81,75,65,55,45,35,29,22
958.74,1145.7,22,121.736862565,24,24,68,82,98,98,91,108,116,128,138,138,149,153,155,151,146,146,139,130,128,125,125,126,123,123,121,120,120,116,110,105,105,98,90,75,72,69,63,47,41,41,35,22,12
961.48,1134.5,22,120.708630496,55,62,62,77,67,80,80,94,104,119,131,131,138,147,147,145,142,142,140,134,133,128,129,123,126,121,121,121,118,115,112,102,98,91,89,81,76,64,58,49,46,37,31,18
964.38,1122.8,22,122.585230441,71,68,68,80,98,106,106,123,132,141,147,147,149,148,145,140,139,134,134,134,131,132,126,126,124,122,116,113,104,97,90,85,85,83,72,69,60,55,46,33,30,18
967.05,1112.0,21,123.903452271,37,54,54,70,69,73,73,92,99,114,114,123,129,132,131,131,126,121,110,109,107,110,110,108,106,106,106,106,103,103,94,91,91,84,74,67,60,52,44,39,33,25,20
969.78,1101.4,22,124.814539787,48,48,68,93,88,88,103,111,115,115,120,122,123,124,124,123,123,122,120,120,121,121,120,119,111,109,102,102,97,92,88,82,81,77,75,68,61,56,56,46,43,38,33,28,20
972.7,1090.1,21,128.74826901,67,79,79,71,87,98,98,110,121,127,132,132,136,136,138,136,136,137,132,128,128,121,122,122,118,114,108,107,104,104,95,89,85,78,78,73,63,55,47,45,34,25,17
975.47,1079.3,21,129.543031539,61,61,87,88,88,100,117,123,135,135,141,147,148,147,147,146,143,140,141,137,137,137,134,128,122,117,110,101,95,91,87,83,75,75,70,65,63,57,49,43,41,29,20
978.25,1068.3,22,127.718238732,46,46,66,84,84,77,98,106,119,119,128,133,135,135,142,140,142,141,138,141,141,137,136,134,133,129,125,123,123,115,115,112,105,104,97,87,82,74,69,60,54,39,30,21
980.99,1057.3,21,126.233008262,21,53,53,66,81,80,80,101,113,121,121,132,138,141,145,145,147,149,148,143,139,136,136,136,133,126,119,111,108,108,101,97,90,86,81,73,68,59,50,45,45,36,30,18
983.84,1045.9,22,124.584254135,59,83,83,110,107,127,127,131,137,145,148,148,149,149,149,149,150,150,147,145,142,139,134,127,125,120,114,111,107,107,100,93,85,86,81,76,67,58,52,43,37,21,18
986.68,1034.5,21,125.046537607,66,86,83,83,88,102,109,109,123,132,134,139,142,142,138,137,133,131,130,129,129,131,129,128,121,116,113,110,107,100,93,89,81,76,76,68,62,51,45,39,30,24
989.47,1023.3,22,124.35565866,35,35,84,124,143,143,138,146,140,140,146,145,145,143,141,141,138,136,136,133,132,131,130,128,128,119,113,107,104,97,90,83,78,73,70,62,59,54,51,45,39,30,21
992.31,1011.9,21,124.814539787,43,43,72,99,99,106,114,130,136,136,145,149,150,153,153,155,154,151,146,146,144,144,143,143,137,133,128,123,120,117,113,103,99,91,92,81,75,69,63,51,41,28,22
995.09,1000.6,21,124.584254135,33,33,59,79,88,88,89,111,116,116,125,133,131,136,137,137,138,139,140,138,138,135,135,134,128,129,122,123,112,111,102,98,91,92,91,86,81,75,70,61,61,55,46,40,31,18
997.99,988.9,21,123.018397399,96,125,123,123,140,146,151,150,150,151,149,151,148,145,143,143,141,143,140,139,135,130,125,122,116,110,106,98,96,88,83,78,72,66,60,54,44,44,41,31,25
1000.71,977.7,22,123.018397399,31,55,55,74,82,92,92,119,133,150,155,155,155,154,152,148,143,137,137,134,131,130,126,129,122,119,111,107,103,99,89,89,82,73,71,66,60,54,48,42,36,30,21
1003.5,966.5,22,122.585230441,27,58,58,74,83,81,81,110,124,144,144,154,158,156,158,153,153,153,146,144,135,135,127,127,127,123,121,116,113,107,103,102,98,96,88,86,81,79,70,61,52,46,34,31,21
1006.4,954.8,21,124.584254135,81,83,83,106,122,136,147,147,149,152,151,149,146,143,143,139,139,136,133,129,122,117,111,105,102,102,95,90,83,81,76,71,65,57,51,42,36,24,21
1009.14,943.9,22,123.457752548,19,19,67,85,113,113,106,125,125,125,133,137,144,143,148,148,146,146,143,141,137,134,134,133,129,125,118,110,104,100,99,95,91,86,78,79,68,68,60,60,57,48,39,33,24,18
1011.93,932.7,21,125.046537607,20,20,50,68,90,90,89,108,119,119,131,143,144,142,143,143,140,139,138,134,132,133,133,135,134,130,126,127,122,119,113,107,100,93,85,80,75,72,64,64,58,49,43,30,27
1014.81,921.1,21,124.584254135,51,51,66,92,84,84,99,115,126,139,139,145,146,148,148,146,146,143,140,137,135,134,131,129,130,125,125,123,117,114,108,104,96,92,84,78,70,64,58,52,46,34,27,15
1017.66,909.5,21,123.903452271,39,57,57,75,80,99,99,120,135,147,147,152,155,155,152,146,143,143,139,135,134,134,135,129,130,125,120,120,111,111,107,106,96,91,86,84,79,70,64,59,46,40,24,15
1020.61,897.7,21,124.128731771,79,109,108,116,116,130,140,152,156,156,154,158,155,153,148,142,142,142,139,138,132,131,126,121,115,109,108,104,97,92,84,84,82,73,68,62,53,47,37,31,25
1023.39,886.4,21,124.128731771,102,134,125,125,139,142,145,147,147,142,140,143,143,140,138,133,133,132,128,132,127,125,117,114,111,107,100,93,88,83,78,70,70,64,55,46,37,37,27,21
1026.13,875.3,22,123.018397399,27,52,52,67,75,77,77,102,114,127,127,137,141,143,143,137,137,132,127,120,117,118,116,116,116,114,112,112,109,109,103,97,90,83,75,73,73,63,57,43,43,35,32,26,20
1028.98,864.1,21,124.584254135,48,48,73,100,102,102,118,138,146,154,154,158,158,158,153,151,151,146,141,138,136,137,137,133,126,126,121,113,107,103,93,89,81,79,74,68,66,57,54,45,42,33,27,21
1031.8,852.7,21,125.992104989,49,79,109,105,105,115,125,128,128,138,138,138,138,135,135,130,128,123,125,126,127,126,126,124,122,122,120,117,114,111,104,97,87,79,74,69,60,54,45,36,27,27,21
1034.59,841.5,21,124.584254135,79,112,113,113,124,139,141,149,149,146,138,135,133,130,130,129,122,121,120,120,121,119,119,119,114,108,105,101,97,93,86,84,79,74,68,63,54,45,39,33,27,18
1037.39,830.2,22,124.128731771,119,119,119,122,128,127,135,135,138,140,138,137,135,135,135,133,130,125,121,119,114,114,112,112,111,105,101,97,93,89,81,76,68,59,54,42,36,30,24
1040.13,819.2,22,124.584254135,111,103,103,117,126,134,143,143,149,151,150,150,147,146,146,140,139,139,138,135,131,123,123,115,115,108,104,104,97,95,90,88,80,71,62,59,53,47,37,28,21
1042.92,807.9,22,123.903452271,64,80,78,78,100,114,127,137,137,143,145,147,145,142,142,143,135,132,131,130,131,130,131,123,123,118,109,111,105,104,93,92,81,78,70,64,58,49,40,31,24
1045.59,797.0,22,123.018397399,51,51,79,112,111,116,116,128,127,135,136,136,134,137,134,136,132,132,134,129,132,131,130,126,124,121,118,115,112,112,105,98,91,86,81,72,64,55,46,40,30,21
1048.37,785.8,22,123.237291806,59,59,79,99,92,92,102,114,119,130,130,132,135,140,145,145,146,146,146,145,143,140,139,136,129,129,127,119,118,112,109,102,97,90,84,76,71,65,56,46,40,31,24
1051.18,774.4,22,123.679799344,20,20,70,100,124,124,117,135,137,145,145,147,148,150,150,148,148,147,141,139,136,135,136,135,131,128,126,126,123,117,110,103,96,91,83,77,72,63,57,44,44,31,25
1053.91,763.2,21,123.237291806,55,55,78,98,94,107,107,117,121,128,131,131,136,137,134,128,128,128,127,131,133,134,133,129,125,128,123,120,120,114,108,104,94,92,87,79,70,61,52,43,37,34,21,12
1056.69,752.0,22,122.370920161,48,69,69,91,92,105,105,124,132,145,145,148,153,155,158,158,156,156,153,151,147,147,146,143,139,131,123,114,107,100,96,88,79,79,74,71,65,59,50,41,34,28,18
1059.54,740.4,22,123.457752548,63,92,92,120,117,132,132,139,147,153,154,155,155,153,153,148,144,145,145,144,141,141,142,135,131,125,122,122,115,108,101,96,87,82,76,70,64,58,51,42,32,28
1062.38,728.8,21,122.801049955,39,39,70,94,101,101,106,125,133,149,149,155,158,155,149,144,141,141,139,134,133,132,133,131,124,121,118,115,111,107,100,100,96,91,86,83,78,75,66,60,57,48,41,28,25
1065.11,717.5,21,121.736862565,29,59,59,83,104,109,109,135,145,157,164,164,168,167,171,167,162,157,157,155,155,158,157,151,147,136,133,124,123,119,115,107,98,96,87,81,74,68,61,51,47,33,26
1067.95,705.6,22,120.911502525,122,123,123,128,143,147,155,157,157,160,162,166,164,160,158,161,158,161,160,156,156,151,146,143,140,133,126,118,109,97,91,88,82,75,64,57,53,46,38,31,16
1070.63,694.1,21,118.375509978,44,78,104,112,117,117,140,155,176,184,189,189,189,185,178,172,164,162,158,157,152,150,144,138,131,123,115,109,107,98,95,85,82,72,68,61,57,54,42,16
1073.37,682.3,23,116.212914711,52,52,70,92,91,103,103,125,136,153,165,170,173,173,176,170,166,162,158,154,154,150,148,143,134,127,120,116,114,109,104,98,92,86,80,77,66,63,56,49,38,30,23
1076.15,670.5,22,116.738772165,63,63,78,83,85,85,108,122,138,151,163,163,168,169,167,162,161,155,149,143,137,137,135,129,126,123,117,116,108,104,95,93,88,82,79,73,67,60,57,50,43,33,19
1078.83,659.3,22,118.003841881,41,41,74,100,107,112,112,134,147,164,171,171,171,170,164,162,156,154,146,150,144,145,138,132,124,124,120,110,105,100,95,90,81,78,72,69,59,53,46,43,33,26
1081.68,647.4,22,119.325594836,99,97,97,113,126,135,147,147,151,155,158,160,157,154,148,148,145,139,138,137,132,127,121,115,108,104,96,91,86,78,75,66,67,57,51,44,38,31,25
1084.31,636.6,22,120.306934911,61,61,86,117,117,117,126,134,139,150,150,153,151,149,150,149,147,148,148,147,147,149,148,141,134,128,125,122,115,108,100,101,99,97,92,86,80,73,67,60,54,47,36,22,8
1087.1,624.9,22,120.911502525,27,27,66,88,103,103,100,121,132,142,151,151,154,156,160,157,154,150,148,148,145,144,143,144,139,134,128,122,118,108,103,88,86,80,78,72,65,62,52,49,39,36,29,19
1089.84,613.5,22,119.519305557,61,61,81,98,95,95,109,120,130,138,143,143,145,150,149,151,147,145,144,144,141,143,144,143,138,130,121,115,102,97,89,84,75,72,73,64,57,54,51,41,32,25
1092.63,602.0,22,120.306934911,104,98,113,113,127,137,151,156,157,157,157,157,152,149,147,142,141,137,136,136,131,123,118,111,107,100,96,91,89,83,78,69,63,57,47,44,38,31,21
1095.35,590.8,22,121.32137516,84,96,96,96,116,128,142,154,154,153,152,152,152,149,149,146,139,134,130,131,132,131,120,115,108,105,101,101,96,89,87,78,76,64,61,56,49,43,34,24,18
1097.94,580.3,22,122.370920161,29,29,58,71,81,81,80,103,116,116,133,143,149,150,152,152,152,149,146,140,135,134,135,134,127,127,122,113,110,104,97,92,88,86,81,78,76,67,61,49,46,37,34,24,15
1100.73,568.9,22,122.370920161,71,71,97,94,110,110,125,136,147,153,154,154,156,157,150,149,145,140,140,140,139,138,139,134,129,121,115,111,104,102,95,90,81,75,70,60,54,48,38,32,22
1103.41,557.9,22,122.585230441,42,42,65,91,97,97,104,128,139,156,156,165,163,164,159,154,146,144,144,135,134,132,128,126,118,109,97,90,86,84,79,74,74,69,69,63,61,55,52,46,40,27,21
1106.26,546.3,22,121.946754123,69,91,88,107,107,124,132,137,139,139,139,146,150,148,139,139,137,134,140,138,137,128,123,116,115,107,103,103,96,89,81,76,74,65,60,54,45,39,33,27,18
1108.93,535.6,22,123.679799344,23,23,58,76,87,87,85,110,121,137,137,147,152,155,158,157,157,155,152,146,142,139,134,130,123,123,118,112,106,103,96,91,87,82,77,68,66,57,54,42,42,33,30,18
1111.68,524.5,22,124.35565866,46,46,66,93,92,92,108,124,132,132,144,147,149,153,150,150,147,144,140,136,135,134,133,129,119,119,111,103,99,97,90,89,81,79,74,68,66,57,58,46,39,30,24
1114.4,513.5,22,123.903452271,39,61,61,78,78,87,87,106,112,124,124,128,131,133,134,136,136,141,140,138,134,134,131,131,127,120,118,111,105,101,95,91,84,79,71,69,61,55,55,47,41,35,29,18
1117.25,502.2,22,124.128731771,88,88,100,100,115,120,120,130,136,139,141,141,144,144,141,138,136,136,134,131,126,120,115,113,110,107,101,92,92,87,80,78,68,66,57,52,43,38,29,20
1119.98,491.4,22,125.992104989,51,51,65,81,81,73,90,102,102,113,127,137,143,143,147,152,149,149,144,144,141,137,135,132,128,124,117,112,104,104,98,91,87,83,81,76,66,57,52,49,44,35,23,20
1122.83,480.2,21,126.475764646,31,52,52,78,87,87,96,123,130,141,141,144,142,143,143,143,140,139,136,134,129,129,129,128,124,123,116,113,105,102,96,92,88,88,80,78,65,63,57,52,43,35,29,23
1125.77,468.6,21,126.720399229,115,115,104,122,119,125,125,133,134,135,133,133,131,129,126,125,125,125,126,125,124,123,121,119,114,111,105,102,102,98,94,90,79,74,66,61,53,50,35,32,20,17
1128.46,457.8,21,126.720399229,65,95,119,118,118,137,146,155,158,158,156,155,154,149,146,145,145,145,149,149,152,146,139,132,129,123,120,113,109,104,100,91,86,80,78,68,58,49,39,29,22
1131.13,446.8,22,124.128731771,43,43,64,84,87,87,97,114,123,134,134,146,152,155,157,152,147,147,143,140,137,136,132,133,126,126,120,114,107,97,99,91,89,80,80,78,69,63,54,51,44,35,25,18
1133.87,435.5,22,120.911502525,64,64,89,116,111,111,129,133,133,134,134,133,132,137,135,136,136,133,133,127,128,129,133,129,124,118,115,112,105,105,101,94,89,84,73,67,61,59,46,40,28,24
1136.6,424.4,22,122.370920161,59,59,82,102,91,91,107,113,123,133,133,136,140,143,140,139,139,138,133,135,132,131,127,128,121,121,118,107,104,94,87,82,78,75,67,62,56,50,48,42,36,27,21
1139.34,413.5,22,123.237291806,43,43,70,97,96,96,106,117,123,123,134,136,139,143,144,144,142,145,143,144,142,141,143,143,142,139,135,127,124,121,115,108,101,103,92,86,78,72,63,54,44,38,28,18
1142.18,401.9,22,124.128731771,82,84,93,93,114,124,137,145,145,147,149,147,149,146,146,144,140,137,134,133,129,122,114,108,104,103,103,94,92,84,82,74,69,63,57,49,42,36,30,24
1144.92,390.8,22,122.585230441,82,102,97,112,112,120,124,134,137,137,141,146,150,148,147,147,141,138,138,137,131,122,117,109,105,96,97,90,90,92,84,82,77,71,69,63,55,52,43,36,21,18
1147.59,380.0,22,123.679799344,26,50,50,66,74,73,73,99,108,126,126,140,146,154,153,152,152,146,143,139,139,139,138,135,135,136,132,127,122,113,110,103,96,91,83,78,73,64,58,49,43,34,28,18
1150.34,368.8,22,123.679799344,58,77,75,75,88,108,115,115,134,139,146,150,153,153,149,148,147,143,143,143,140,136,136,132,130,125,122,116,112,108,101,94,88,83,81,72,66,57,47,35,28,18
1153.02,357.8,22,122.801049955,56,56,80,99,96,96,109,124,135,146,150,150,153,155,157,154,151,152,152,150,152,147,149,145,143,142,136,133,127,120,116,108,103,91,86,76,70,56,50,43,33,26
1155.7,346.6,22,121.528408625,31,31,75,94,115,112,112,139,154,174,187,194,194,193,191,186,176,173,169,169,166,171,168,169,165,163,157,150,143,135,126,121,115,105,94,87,83,76,64,56,48,32,24
1158.54,334.2,22,118.189091544,64,64,104,137,146,159,182,182,191,201,205,206,201,200,192,191,184,188,185,191,187,186,178,172,157,153,149,139,134,123,121,114,107,99,83,70,61,57,43,34,25
1161.22,322.2,21,114.200163939,24,24,75,97,122,122,151,151,170,179,194,192,190,185,181,177,174,174,171,173,174,176,174,165,162,158,154,141,131,125,119,116,105,102,86,77,73,60,56,43,38,25
1163.95,309.9,22,110.843859796,24,86,86,111,138,139,165,183,191,191,200,200,197,192,191,184,182,176,172,174,182,184,179,169,162,154,150,136,134,117,106,102,90,82,78,70,70,57,52,39
1166.7,297.5,22,111.424965355,68,68,106,137,148,161,181,181,187,191,192,196,193,193,180,174,170,169,171,172,177,172,169,158,150,141,139,130,123,105,102,94,90,82,78,70,65,52,43,21
1169.42,285.2,22,110.415886963,116,116,121,141,163,169,188,192,192,195,194,194,188,180,174,171,173,175,166,167,161,161,146,145,128,112,109,102,95,87,84,76,67,63,55,46,38
1171.95,273.9,22,111.278546047,71,92,92,107,100,112,121,135,135,146,163,164,168,166,164,164,161,157,147,148,145,149,146,139,131,127,122,117,111,105,95,88,81,82,70,67,51,47,39,32,24
1174.74,261.7,23,111.868894208,143,156,163,174,176,176,185,189,190,192,187,181,180,178,175,169,164,166,160,157,147,143,135,130,125,119,109,106,96,92,77,73,65,61,45,37,28
1177.36,250.1,22,114.85555943,95,129,145,147,162,167,167,172,177,172,172,168,169,163,160,162,161,162,157,158,152,149,141,141,140,131,126,120,114,103,100,97,90,78,62,50,41,33,24
1180.1,238.0,23,112.778437332,105,149,157,162,178,175,175,181,179,182,180,184,175,175,170,172,168,170,162,156,149,142,137,129,120,110,108,97,94,83,80,72,61,49,45,36,28
1182.69,226.6,22,113.244469227,71,71,91,118,114,135,151,151,163,172,173,171,166,167,157,151,145,137,138,132,132,129,119,112,101,96,87,78,72,69,69,63,67,60,60,50,47,40,40,36,29
1185.47,214.9,22,114.200163939,71,83,83,84,103,106,114,114,123,125,128,130,126,126,123,121,119,118,119,114,114,114,109,107,103,100,91,87,77,72,67,65,60,51,46,37,32,32,26,17
1188.2,204.2,22,120.708630496,35,62,83,90,90,91,107,106,106,114,116,117,117,117,116,114,116,115,113,113,112,106,109,98,98,91,90,90,82,79,75,71,67,63,61,54,54,46,39,31,26,21
1190.89,193.9,22,127.718238732,22,49,49,64,73,73,72,87,88,88,90,96,94,94,95,93,93,93,93,92,95,93,93,94,91,87,85,81,81,76,71,66,63,57,57,54,46,40,36,30,25,25,15,11
1192.77,186.8,22,132.635240263,33,33,45,44,36,36,39,42,35,35,34,37,37,33,32,29,29,29,26,21,21,18,9
1194.14,182.2,38,135.72088083,16,16,45,59,63,63,50,60,60,56,62,62,61,59,60,60,57,55,55,49,44,39,39,31,27,27,21,18,0,0,3
1195.62,177.4,40,148.908924304,68,68,53,51,51,48,42,42,43,40,40,37,34,34,30,30,30,27,22,17,17,13,6,6
1196.99,173.1,44,153.378835693,19,19,45,50,50,55,55,46,52,52,47,50,50,44,43,43,39,39,39,37,38,38,37,36,36,33,30,30,26,21,21,13,10,10
1198.82,167.5,39,160.281367657,38,42,42,47,47,53,63,63,68,68,75,73,73,71,67,67,65,64,64,63,60,60,58,57,57,56,55,55,51,48,43,43,35,25,25,17,6,6,2
1200.72,161.6,32,163.553315509,59,43,43,51,47,47,53,53,53,50,50,47,45,45,45,43,43,39,37,37,34,32,32,30,22,22,17,9,9,7
1203.05,154.8,34,161.558563876,35,61,79,79,85,85,97,108,108,117,122,122,124,125,125,123,122,122,122,122,122,126,124,122,122,122,121,119,116,116,112,108,105,100,100,96,96,94,93,93,87,82,75,68,61,53,53,45,32,24,13
1205.88,144.6,23,161.558563876,35,35,56,84,84,83,93,93,98,100,104,104,105,108,109,109,111,113,113,113,113,115,114,117,117,114,111,107,103,100,100,96,96,87,82,74,69,58,58,54,47,45,30,18,11,11
1208.61,134.5,22,138.061355958,70,70,80,80,99,99,109,122,122,129,129,131,128,128,130,126,122,121,121,115,116,114,111,107,103,103,99,92,89,82,78,72,66,66,61,55,53,43,38,29,21,7
1211.3,124.3,22,134.142587944,97,97,90,106,104,104,112,113,114,114,110,110,109,111,111,112,114,115,112,114,114,110,109,107,103,101,101,98,98,93,85,76,72,66,59,52,44,37,37,29,19,14
1213.98,114.0,22,131.762614735,68,84,70,70,78,80,85,85,92,94,99,99,100,102,106,108,108,109,112,115,121,122,122,118,117,112,110,106,103,96,96,91,85,76,72,61,56,44,39,26,26,21
1216.67,103.8,22,130.912509683,58,58,80,86,86,92,108,113,113,123,130,133,134,134,132,132,133,132,132,133,127,127,127,128,125,121,121,112,105,102,94,90,81,77,67,62,57,49,49,44,36,28,14
1219.25,93.7,22,130.633971587,47,47,74,100,96,96,110,119,125,125,132,133,133,132,132,131,130,132,128,132,132,132,133,130,129,123,118,115,110,109,98,97,87,85,85,74,69,61,47,41,29,26
1221.93,83.0,23,127.215405814,43,43,62,79,80,80,83,96,96,96,107,107,110,110,110,109,109,108,107,108,108,106,105,103,101,98,96,91,91,85,82,75,74,70,63,56,49,46,46,37,34,24,19
1224.68,72.5,22,125.992104989,55,70,70,73,80,97,97,102,112,117,117,120,123,121,120,120,119,118,121,119,119,123,118,115,110,106,101,97,97,96,88,85,79,75,71,64,59,52,52,44,39,29,22,14
1227.41,62.1,22,131.193438677,54,67,65,65,87,101,114,114,125,126,128,128,130,128,126,123,119,119,117,119,116,115,107,103,103,94,91,84,78,79,78,76,76,70,65,64,59,52,44,37,29,24,17,17
1230.14,51.6,22,130.633971587,105,105,105,114,122,126,126,133,137,139,142,142,142,142,144,143,146,146,145,147,145,140,140,136,132,122,111,96,96,86,82,77,75,70,67,62,59,51,45,33,27,15
1232.93,40.4,22,129.011021309,92,98,118,118,145,163,180,183,183,184,184,180,176,170,162,162,164,165,168,168,168,165,158,154,145,142,136,132,127,123,114,105,95,89,82,75,65,53,42,31,20
1235.6,29.0,22,123.457752548,50,50,92,116,119,119,123,144,155,170,184,191,191,195,192,191,186,180,175,175,169,171,166,161,159,156,149,141,133,132,118,112,106,99,92,77,69,61,53,45,41,28,20
1238.31,17.1,22,115.69640605,52,52,80,100,108,120,145,145,167,183,193,194,191,186,181,171,172,163,162,162,157,159,160,154,144,132,127,122,116,103,92,89,86,79,67,60,56,48,40,28,20
1241.04,5.1,22,113.718300976,43,53,53,70,70,83,106,106,125,150,172,186,193,193,193,183,173,166,156,150,143,141,138,132,126,122,118,106,101,96,90,84,71,71,61,58,47,40,33,26
1242.18,0.0,22,115.526264031,
